cell_gradient_2norm,epoch,forward_nfe,forward_time,mean_batch_nfe,mean_batch_time,model_gradient_2norm,test_forecast_loss,test_loss,test_nfe,test_time,train_forecast_loss,train_loss,validation_foreast_loss,validation_loss,validation_nfe,validation_time
29.877295,0.0,2018.5,1.232250988483429,3647.0,3.743531733751297,57.30767,0.61843294,2.1961966,2314.0,2.4395415782928467,0.8699698,2.184076,0.68106085,2.171462,2362.0,2.475442409515381
56.627956,1.0,2256.25,1.1326587796211243,4085.0,3.4531871676445007,97.94393,0.64913076,2.0251203,2260.0,2.346688985824585,0.68949705,2.3059106,0.6460832,2.0030987,2290.0,2.282308578491211
34.8149,2.0,2280.25,1.1523070931434631,4112.0,3.505922853946686,61.00528,0.503929,2.1707892,2314.0,2.3805739879608154,0.5914284,2.2718086,0.5541813,2.144005,2350.0,2.4174087047576904
11.477562,3.0,2320.0,1.2333050072193146,4156.25,3.74204820394516,28.862774,0.47508338,2.199565,2386.0,2.773181438446045,0.45440668,2.290911,0.5259808,2.1517792,2404.0,2.49804949760437
27.412289,4.0,2323.0,1.3916226625442505,4160.0,4.221429526805878,60.54615,0.32198334,2.1690843,2392.0,2.471703290939331,0.4307188,2.3107107,0.3231011,2.142539,2428.0,2.450486183166504
24.569832,5.0,2317.0,1.153966873884201,4154.75,3.479192316532135,60.19443,0.4430601,2.171584,2380.0,2.4837512969970703,0.45378524,2.2442353,0.45241496,2.1260314,2410.0,2.414898157119751
25.619566,6.0,2330.5,1.1623473465442657,4167.5,3.529767632484436,55.89814,0.33740246,2.1236544,2326.0,2.3884494304656982,0.35334983,2.2688587,0.34856147,2.077447,2386.0,2.6859195232391357
19.773792,7.0,2316.25,1.1686886250972748,4148.75,3.5533284842967987,55.57979,0.3140968,2.1280475,2392.0,2.4707977771759033,0.3358322,2.2453103,0.32840753,2.0878496,2410.0,2.4376378059387207
12.599203,8.0,2339.5,1.3993425071239471,4179.5,4.187083542346954,43.12097,0.281592,2.092756,2386.0,2.4183621406555176,0.2746893,2.2471323,0.28526503,2.0417044,2410.0,2.457639694213867
13.854376,9.0,2352.25,1.1932432949543,4192.25,3.6104675829410553,31.866217,0.26912734,2.0834706,2410.0,2.4599475860595703,0.24654576,2.2464411,0.26693287,2.0412087,2440.0,2.8560233116149902
22.353806,10.0,2375.5,1.305747151374817,4218.5,3.9531238675117493,85.03212,0.38878453,2.1718817,2416.0,2.8578293323516846,0.2849558,2.221957,0.38018748,2.1133757,2434.0,2.8766703605651855
25.981497,11.0,2344.0,1.2751341760158539,4180.25,3.829419493675232,65.80501,0.20967369,2.0313628,2392.0,2.501565933227539,0.2958148,2.1877406,0.20654155,1.9873687,2416.0,2.4689078330993652
30.05193,12.0,2353.0,1.1645021438598633,4190.75,3.54201340675354,55.308846,0.26817977,1.9780049,2368.0,2.585367202758789,0.21801105,2.1938052,0.24790704,1.935085,2410.0,2.5082650184631348
19.663254,13.0,2353.75,1.224473387002945,4189.25,3.6639414727687836,46.018208,0.23882213,2.0528748,2440.0,2.4867398738861084,0.22486925,2.1266472,0.24156153,2.0023444,2458.0,2.7833948135375977
17.786257,14.0,2374.75,1.1914830207824707,4211.75,3.5995992720127106,47.865936,0.20645973,1.9791906,2470.0,2.909432888031006,0.22179091,2.1313915,0.20639923,1.9202251,2482.0,2.575608968734741
11.845637,15.0,2386.0,1.211481124162674,4219.25,3.6335686445236206,27.772808,0.18024608,1.8509958,2530.0,2.6169915199279785,0.19319372,2.0240345,0.17517576,1.8052571,2542.0,2.721540927886963
18.80132,16.0,2440.75,1.2304158806800842,4276.25,3.630948483943939,33.31922,0.19108216,1.6431367,2578.0,2.7729876041412354,0.19185744,1.8372649,0.18848774,1.6086154,2644.0,2.695669412612915
13.17919,17.0,2521.0,1.2701441943645477,4361.75,3.707949221134186,32.53309,0.20005283,1.4580057,2584.0,2.69966197013855,0.20582497,1.5630084,0.18756193,1.4371835,2644.0,2.7383358478546143
14.127016,18.0,2530.75,1.3691490590572357,4376.75,3.8715469539165497,23.225243,0.22878653,1.3150294,2608.0,2.659407615661621,0.2049118,1.4524543,0.24102959,1.2741911,2656.0,2.7969982624053955
13.889809,19.0,2528.5,1.4755553603172302,4370.75,4.233076870441437,27.704372,0.20420796,1.242403,2620.0,2.7543888092041016,0.22405624,1.3693126,0.19663799,1.2207508,2656.0,2.6213886737823486
11.938558,20.0,2546.5,1.288040816783905,4388.0,3.74301815032959,25.735443,0.17931108,1.1947341,2608.0,2.9002864360809326,0.19359785,1.2609901,0.17995203,1.164111,2668.0,2.7349112033843994
10.018301,21.0,2559.25,1.3760265409946442,4400.75,3.9563856422901154,20.472353,0.1796149,1.1569695,2620.0,2.707911252975464,0.18355781,1.1956788,0.18253258,1.1153092,2656.0,2.7645721435546875
11.230072,22.0,2561.5,1.3003897368907928,4402.25,3.752807855606079,19.676077,0.17969358,1.0654563,2638.0,2.7617480754852295,0.17604893,1.1113572,0.16816801,1.0370815,2674.0,2.6763288974761963
14.5305,23.0,2583.25,1.303934633731842,4428.5,3.771392375230789,24.755901,0.2303767,1.0153902,2650.0,2.7381176948547363,0.18031445,1.0330307,0.21061037,0.9976443,2680.0,2.7986323833465576
9.072515,24.0,2588.5,1.4448936581611633,4447.25,4.1893671452999115,26.254255,0.17230257,0.95386124,2638.0,2.7178609371185303,0.18841708,0.9873675,0.17902514,0.921661,2680.0,2.7091562747955322
9.107382,25.0,2591.5,1.3023264706134796,4448.75,3.8274358212947845,16.249489,0.18764688,0.8965824,2638.0,2.765876293182373,0.14979762,0.93661386,0.17836116,0.8769808,2668.0,2.853135585784912
13.218264,26.0,2593.0,1.3087716102600098,4475.0,3.854275703430176,26.462246,0.16627833,0.8629433,2650.0,2.8173747062683105,0.16650808,0.8815579,0.15801889,0.8403801,2680.0,2.7521865367889404
6.847022,27.0,2587.75,1.2966108620166779,4481.75,3.7865286469459534,16.683403,0.15665115,0.8314122,2632.0,2.833509683609009,0.14292563,0.8537109,0.15103611,0.8084301,2674.0,2.728703022003174
6.858344,28.0,2603.5,1.3219423592090607,4537.25,3.9231850504875183,14.978165,0.15889505,0.8060257,2662.0,2.6466658115386963,0.14241791,0.80425954,0.15890637,0.7831925,2692.0,2.6604175567626953
4.3690166,29.0,2606.5,1.3538463413715363,4544.0,4.0467385947704315,15.396723,0.14216158,0.69435346,2686.0,2.7954494953155518,0.12871279,0.7472743,0.13474293,0.6714799,2716.0,2.880377769470215
5.968631,30.0,2632.0,1.3277129828929901,4577.75,3.9616062343120575,23.525364,0.14139456,0.6338504,2668.0,2.6938278675079346,0.13858703,0.6685457,0.14580178,0.6088155,2716.0,2.830782651901245
6.67515,31.0,2628.25,1.3167474865913391,4567.25,3.9131324887275696,16.008017,0.15621082,0.54733026,2668.0,2.781432867050171,0.13240772,0.60890365,0.14170781,0.5231518,2710.0,2.7359774112701416
7.082818,32.0,2635.75,1.3323830962181091,4586.75,3.9349229633808136,16.45541,0.12082335,0.4647322,2680.0,2.694347381591797,0.12438837,0.51724684,0.11611891,0.44508758,2716.0,2.8022544384002686
7.783351,33.0,2640.25,1.4030099213123322,4607.0,4.174095243215561,16.322807,0.11197282,0.3978858,2692.0,2.9353115558624268,0.11286661,0.43784577,0.10828647,0.37890452,2734.0,2.802652597427368
5.4480495,34.0,2639.5,1.3484673500061035,4628.75,4.122259736061096,14.441221,0.12751262,0.3406471,2686.0,2.8806023597717285,0.112518415,0.3676049,0.12363115,0.32551587,2722.0,2.712235927581787
6.153204,35.0,2640.25,1.3461929559707642,4676.75,4.220541805028915,12.845969,0.121744044,0.29656672,2686.0,3.1019933223724365,0.108449504,0.31006756,0.11323804,0.28597468,2728.0,2.844468355178833
5.7009063,36.0,2657.5,1.4559697806835175,4693.25,4.420638382434845,12.049459,0.12741268,0.26187193,2692.0,2.778439521789551,0.10563788,0.28839135,0.1219853,0.25417924,2734.0,2.7870874404907227
17.195408,37.0,2646.25,1.4584400951862335,4751.0,4.720396965742111,30.328861,0.1270557,0.27132937,2686.0,2.8409388065338135,0.13272108,0.26816684,0.13732906,0.25576746,2710.0,3.180981159210205
5.552702,38.0,2633.5,1.3439092636108398,4632.5,4.134966790676117,14.341703,0.122415125,0.22846718,2674.0,2.807695150375366,0.110366404,0.2378917,0.12104849,0.22300407,2704.0,2.7933380603790283
15.799557,39.0,2646.25,1.3331924676895142,4724.75,4.233958065509796,26.689224,0.10701191,0.19905818,2674.0,2.7460029125213623,0.117247835,0.22279301,0.11280941,0.19385187,2704.0,2.839979410171509
6.0923533,40.0,2628.25,1.3575661778450012,4672.25,4.198195666074753,13.270912,0.11424004,0.19092491,2674.0,2.8695054054260254,0.09958322,0.18671516,0.1277363,0.18688494,2716.0,2.9304423332214355
6.8209453,41.0,2642.5,1.353249728679657,4683.5,4.228210598230362,13.462612,0.110557936,0.17153507,2662.0,2.7125790119171143,0.09748182,0.18112761,0.107181,0.16770121,2710.0,2.7800891399383545
20.131123,42.0,2653.75,1.3554591238498688,4775.75,4.257970064878464,32.374382,0.10610259,0.17330886,2698.0,2.8467984199523926,0.13144496,0.17906368,0.118931055,0.16872317,2716.0,3.0905141830444336
4.814933,43.0,2639.5,1.340921550989151,4726.25,4.218974202871323,9.815856,0.09085704,0.1591456,2686.0,2.9909956455230713,0.10480326,0.15767744,0.09383385,0.15801707,2710.0,2.78511643409729
3.5761585,44.0,2637.25,1.327159434556961,4744.25,4.1915880143642426,10.302183,0.1123045,0.1458604,2674.0,2.722910165786743,0.09451598,0.15563092,0.10806748,0.14556831,2722.0,2.760824203491211
7.5766106,45.0,2640.25,1.3469176590442657,4781.0,4.264736443758011,16.133667,0.094571486,0.15845881,2650.0,2.815791368484497,0.10226166,0.15267295,0.101991594,0.1539447,2704.0,2.8967397212982178
6.9949427,46.0,2626.0,1.3662085831165314,4702.25,4.366231173276901,11.586956,0.078897394,0.13953677,2686.0,2.871919870376587,0.08595404,0.14915931,0.08055858,0.13747725,2704.0,2.79079532623291
5.227906,47.0,2632.0,1.3984677493572235,4705.25,4.446092963218689,10.126448,0.097476736,0.11653568,2656.0,2.950577974319458,0.07964079,0.13495645,0.09300986,0.11635049,2710.0,3.114419460296631
6.3066473,48.0,2638.75,1.3571848273277283,4744.25,4.333750486373901,11.891775,0.07842843,0.11027467,2668.0,2.830048084259033,0.084594846,0.11296426,0.084911026,0.10933605,2716.0,2.8059451580047607
6.2328377,49.0,2629.75,1.3277882635593414,4733.75,4.280953407287598,11.341747,0.07333431,0.11504444,2656.0,2.779442548751831,0.0777836,0.11354782,0.07708956,0.11481254,2698.0,2.7310092449188232
4.378485,50.0,2635.0,1.3660593926906586,4710.5,4.2639438807964325,7.4747086,0.06421399,0.11974232,2680.0,2.7953310012817383,0.062590495,0.116537735,0.068218246,0.12027873,2716.0,2.8110344409942627
1.6991937,51.0,2636.5,1.4139237701892853,4709.75,4.445193827152252,4.0925417,0.061176624,0.11462572,2674.0,2.9152400493621826,0.05718224,0.11461168,0.06615474,0.115169674,2704.0,2.7427303791046143
2.8322425,52.0,2631.25,1.3470413386821747,4711.25,4.29161012172699,5.3268933,0.059990358,0.112183064,2686.0,2.6864328384399414,0.056622833,0.11211055,0.0661744,0.11240327,2698.0,2.6897988319396973
1.8004143,53.0,2628.25,1.3568320870399475,4703.75,4.321123570203781,4.209264,0.060077865,0.11090645,2662.0,2.742783308029175,0.05520235,0.10968835,0.064030185,0.111295804,2698.0,2.765244483947754
2.3328624,54.0,2626.75,1.3486003279685974,4716.5,4.321905761957169,4.9850035,0.057538956,0.11107456,2656.0,2.6951310634613037,0.055270825,0.108799934,0.06290969,0.111282125,2704.0,2.7477972507476807
2.5333977,55.0,2633.5,1.5911833047866821,4725.5,4.896448105573654,5.029435,0.057483148,0.109588385,2674.0,2.8627943992614746,0.05419804,0.10952135,0.06288904,0.11009888,2710.0,2.869309663772583
2.002336,56.0,2630.5,1.3669921159744263,4731.5,4.4179889261722565,4.5079017,0.056545533,0.10930741,2668.0,2.9040367603302,0.053837225,0.10696165,0.061868403,0.10958935,2710.0,2.823441505432129
2.5883255,57.0,2626.75,1.3560293316841125,4729.25,4.396227687597275,4.6895533,0.055962432,0.10793881,2674.0,2.748347520828247,0.052895688,0.10755718,0.06119854,0.10845879,2710.0,2.756235122680664
2.204406,58.0,2631.25,1.3235528469085693,4735.25,4.238558351993561,4.669072,0.056216616,0.107642695,2656.0,3.0525732040405273,0.05280922,0.10552154,0.061066724,0.1081171,2698.0,2.731132745742798
2.4385524,59.0,2628.25,1.6633139252662659,4732.25,5.269174754619598,4.5189276,0.05513842,0.106741175,2656.0,2.7958884239196777,0.052206423,0.10571256,0.06037929,0.10743608,2704.0,3.077117443084717
2.169425,60.0,2632.0,1.3462311625480652,4741.25,4.3320662677288055,4.5993524,0.055566747,0.10691294,2668.0,2.8475141525268555,0.051735118,0.10472956,0.06024882,0.1074419,2698.0,3.06436824798584
2.3782425,61.0,2631.25,1.3648055493831635,4740.5,4.377705752849579,4.6204042,0.05482266,0.10463309,2662.0,2.8347322940826416,0.051379815,0.10439472,0.05966127,0.105367295,2704.0,2.9557301998138428
2.0789094,62.0,2626.75,1.3813898265361786,4742.0,4.46898153424263,4.6678267,0.05416123,0.10498288,2662.0,2.8091139793395996,0.051,0.10250648,0.058872696,0.10550448,2698.0,2.852196455001831
2.3847551,63.0,2626.0,1.3761187493801117,4742.75,4.462981790304184,4.575123,0.054102793,0.103520654,2668.0,2.748584508895874,0.050357044,0.10308911,0.05837641,0.10427839,2704.0,2.7328150272369385
2.1221514,64.0,2629.0,1.3447625041007996,4756.25,4.373237729072571,4.8918843,0.052704908,0.10296056,2662.0,3.0728566646575928,0.050265137,0.100991584,0.05774632,0.103488386,2698.0,2.7755470275878906
2.4243898,65.0,2629.0,1.3673368990421295,4760.75,4.510416895151138,4.4839063,0.05295758,0.10180475,2668.0,2.83658504486084,0.049373653,0.10112789,0.05719259,0.10259662,2710.0,2.8148252964019775
2.285564,66.0,2628.25,1.389412671327591,4750.25,4.4396229684352875,4.9335666,0.051848385,0.10183843,2656.0,2.9370245933532715,0.049198285,0.09960659,0.056704115,0.10238214,2698.0,2.628119707107544
2.2256732,67.0,2623.75,1.4046870172023773,4754.75,4.484684884548187,4.590333,0.05246643,0.09920179,2656.0,2.80692982673645,0.04856983,0.09911791,0.056589462,0.10006991,2698.0,2.854602336883545
2.1400976,68.0,2623.75,1.4554729759693146,4740.5,4.666570723056793,4.874544,0.050619796,0.09994484,2674.0,2.9982008934020996,0.04833863,0.09738238,0.056042127,0.10042649,2686.0,2.764172077178955
2.2504683,69.0,2623.75,1.574542224407196,4748.75,5.115563720464706,4.7230563,0.053634483,0.097565815,2644.0,2.8096871376037598,0.047429856,0.097360425,0.055838257,0.09848691,2704.0,3.083468198776245
2.0082722,70.0,2624.5,1.3799092173576355,4770.5,4.489448815584183,5.1667604,0.04908528,0.096669406,2650.0,2.945495128631592,0.048087858,0.094944544,0.05481508,0.09717412,2692.0,2.622805595397949
2.01578,71.0,2623.0,1.4155737161636353,4751.75,4.523965030908585,4.529484,0.051944405,0.095891416,2662.0,3.261714220046997,0.046423152,0.09479367,0.05427361,0.09682138,2698.0,3.046999931335449
2.3362525,72.0,2620.0,1.3863553702831268,4770.5,4.50217205286026,5.2076902,0.04868831,0.09567644,2656.0,2.805978536605835,0.04685151,0.093896225,0.054292493,0.096251816,2686.0,2.726440906524658
1.8086406,73.0,2618.5,1.4278806746006012,4752.5,4.542964905500412,4.9310226,0.050981343,0.09425216,2662.0,2.7507011890411377,0.045937117,0.09339185,0.05279439,0.09515209,2692.0,2.812126636505127
2.2316055,74.0,2616.25,1.3722274601459503,4772.75,4.5305913388729095,5.472015,0.047782663,0.09342609,2650.0,2.797321319580078,0.0459791,0.092081755,0.0531197,0.09410255,2692.0,2.798079013824463
1.6843901,75.0,2617.75,1.4045515656471252,4757.75,4.61096066236496,4.7729073,0.049692657,0.09261264,2662.0,2.872965097427368,0.04476232,0.091506526,0.051771186,0.093466066,2710.0,2.852785110473633
2.5362802,76.0,2616.25,1.7389197647571564,4772.0,5.514455407857895,5.67993,0.047924187,0.092691034,2650.0,2.8501009941101074,0.044772,0.09048093,0.05337018,0.09332306,2692.0,3.170506238937378
1.5049031,77.0,2617.0,1.3666893541812897,4784.0,4.503683090209961,5.04365,0.050051447,0.09105736,2644.0,3.2301769256591797,0.044125937,0.09043371,0.051600534,0.091908604,2692.0,2.9678008556365967
2.5323746,78.0,2616.25,1.3799813985824585,4772.75,4.462518334388733,6.1173105,0.046732903,0.09185833,2662.0,2.8752875328063965,0.044357993,0.08901644,0.052373815,0.09238647,2686.0,2.734814405441284
1.4725984,79.0,2612.5,1.3383535742759705,4781.75,4.4045569896698,4.895075,0.049446493,0.08962894,2650.0,2.7359747886657715,0.043030985,0.08942026,0.050832037,0.09058208,2698.0,2.9092531204223633
2.7541463,80.0,2611.75,1.4792550802230835,4773.5,4.900407910346985,6.503342,0.04671926,0.09098379,2662.0,2.9741153717041016,0.043478377,0.0878993,0.05197926,0.0914301,2686.0,2.8458526134490967
1.3375604,81.0,2618.5,1.3784070909023285,4768.25,4.57398384809494,4.8284097,0.048935696,0.08835037,2644.0,2.839010238647461,0.042007565,0.08820364,0.050719574,0.089312896,2698.0,2.7639763355255127
2.4719574,82.0,2611.0,1.3573137521743774,4790.0,4.521086782217026,6.7298317,0.046883956,0.08912989,2662.0,2.657376527786255,0.042947903,0.08665185,0.051122844,0.089522764,2692.0,2.694694757461548
1.4542248,83.0,2616.25,1.3625845313072205,4796.75,4.50201353430748,5.8378806,0.04778552,0.08820331,2650.0,2.7344295978546143,0.041369952,0.08670536,0.050504535,0.08908953,2692.0,2.7184698581695557
1.7099547,84.0,2611.75,1.3840521275997162,4784.75,4.569669276475906,6.312806,0.04525552,0.08704922,2650.0,2.803847551345825,0.042103183,0.08588135,0.050117683,0.08759779,2698.0,2.783759832382202
1.5569019,85.0,2611.0,1.4827055633068085,4786.25,4.867826879024506,5.6366863,0.046874575,0.087889135,2638.0,2.8604812622070312,0.040564332,0.08557187,0.049627673,0.08874078,2698.0,2.856555461883545
1.3960683,86.0,2614.0,1.3606563806533813,4789.25,4.479605078697205,5.9924917,0.044995595,0.08542254,2650.0,2.828888416290283,0.041126743,0.08514836,0.04980646,0.08629458,2692.0,2.757582426071167
1.8657209,87.0,2611.0,1.3739994764328003,4793.0,4.5441796481609344,6.400737,0.046863362,0.08617162,2650.0,2.877284288406372,0.040039,0.08416696,0.0493932,0.08696109,2692.0,2.759481906890869
1.9567859,88.0,2612.5,1.3258380889892578,4784.0,4.35697603225708,6.580328,0.045403384,0.08556095,2650.0,3.0953121185302734,0.040303156,0.08372075,0.049921464,0.08640265,2698.0,2.723003387451172
1.2428161,89.0,2614.0,1.3375732004642487,4794.5,4.390955328941345,6.8745403,0.045204453,0.08512534,2650.0,2.9296603202819824,0.03986986,0.08366723,0.04832636,0.08600738,2686.0,2.631294012069702
1.6584445,90.0,2611.0,1.3701407313346863,4778.0,4.565725922584534,6.4582767,0.04438407,0.08447711,2644.0,2.7956573963165283,0.039631546,0.08279925,0.049079068,0.08525872,2704.0,2.8507347106933594
1.2926227,91.0,2611.0,1.3627352714538574,4786.25,4.603262424468994,6.3933277,0.04518819,0.08465828,2644.0,2.6767678260803223,0.03924255,0.08324616,0.047970314,0.08570911,2692.0,2.8366496562957764
1.6143111,92.0,2614.0,1.3670414984226227,4788.5,4.518994003534317,6.5760813,0.044206385,0.08380917,2638.0,2.8355584144592285,0.0391261,0.082429245,0.049027063,0.08465764,2692.0,2.7906835079193115
1.4040313,93.0,2613.25,1.3890419900417328,4804.25,4.581164330244064,6.4194393,0.045390464,0.08410215,2638.0,2.78867244720459,0.0392372,0.08242589,0.047942095,0.08534683,2692.0,2.802393913269043
1.6948831,94.0,2609.5,1.3631108403205872,4766.75,4.488336950540543,6.8065977,0.044571016,0.083566494,2650.0,2.735555410385132,0.038913645,0.08200958,0.049139537,0.08437277,2698.0,3.0652668476104736
1.6750302,95.0,2611.0,1.3299257457256317,4784.75,4.415124207735062,6.589053,0.045092717,0.08380115,2650.0,2.7928593158721924,0.038266025,0.081410825,0.04842877,0.08502624,2692.0,2.8042640686035156
1.5567336,96.0,2614.0,1.362435132265091,4781.0,4.512289136648178,7.2498226,0.04375549,0.08231173,2644.0,3.1070313453674316,0.038723968,0.0816095,0.04809246,0.08318784,2692.0,3.2277464866638184
1.5699873,97.0,2610.25,1.4131202101707458,4795.25,4.723754376173019,6.7634645,0.045215968,0.083221555,2644.0,2.792509078979492,0.037750997,0.08053281,0.048144575,0.08424199,2692.0,2.8713269233703613
1.7104373,98.0,2614.75,1.3913061320781708,4784.0,4.642958045005798,7.431075,0.04325759,0.08128883,2656.0,2.9159677028656006,0.03832484,0.08074894,0.048026036,0.08233432,2680.0,2.7499754428863525
1.3119081,99.0,2608.0,1.367067664861679,4798.25,4.55774512887001,6.8499823,0.044585414,0.08211905,2638.0,2.904235601425171,0.03738043,0.07992076,0.04735002,0.083061844,2692.0,3.0177805423736572
2.0191195,100.0,2611.0,1.3517727851867676,4787.75,4.512913376092911,7.386859,0.043799847,0.081262246,2656.0,2.7454473972320557,0.037679836,0.0797633,0.048604243,0.082443014,2698.0,2.7797999382019043
1.4383078,101.0,2615.5,1.3215153515338898,4805.0,4.3993945717811584,7.3369846,0.043008238,0.080775395,2644.0,2.691575288772583,0.03745433,0.07925914,0.046230715,0.08163583,2680.0,2.7750115394592285
1.8199935,102.0,2608.0,1.331081509590149,4765.25,4.412049800157547,7.1204786,0.043657526,0.08032636,2644.0,2.7576606273651123,0.03722877,0.07897012,0.048286524,0.08157082,2674.0,2.74763560295105
1.4032732,103.0,2614.0,1.3712694644927979,4801.25,4.45077657699585,7.139118,0.04316304,0.08022384,2650.0,2.8307044506073,0.0372105,0.07873159,0.046162847,0.08119002,2692.0,2.9101147651672363
1.8716638,104.0,2610.25,1.3765145540237427,4794.5,4.610430955886841,7.1436396,0.043053202,0.079601586,2644.0,2.994516372680664,0.036771484,0.078279816,0.04808345,0.08076993,2680.0,2.8881514072418213
1.4476812,105.0,2613.25,1.3603964447975159,4782.5,4.537955939769745,7.2585764,0.043001503,0.07993247,2644.0,2.7404625415802,0.03691704,0.078083225,0.045982435,0.08103654,2686.0,2.73759388923645
1.7772726,106.0,2606.5,1.3277919292449951,4789.25,4.389502614736557,7.2184076,0.04266664,0.07871091,2650.0,2.9151206016540527,0.036528528,0.077722594,0.047467113,0.0798665,2686.0,3.186213970184326
1.3756652,107.0,2612.5,1.372949481010437,4787.0,4.610368639230728,7.183617,0.042886198,0.07961614,2644.0,3.1092965602874756,0.03654904,0.07757013,0.045905188,0.08071956,2686.0,3.1547248363494873
1.8034518,108.0,2609.5,1.4356302917003632,4771.25,4.6624312698841095,7.218353,0.04288835,0.078338474,2644.0,2.745070695877075,0.03623098,0.07730908,0.047802843,0.07955982,2692.0,3.03131365776062
1.5055573,109.0,2612.5,1.3245851695537567,4769.75,4.361333250999451,7.4124117,0.04247531,0.07908625,2644.0,2.74880051612854,0.036462467,0.07698812,0.04556022,0.0801324,2698.0,2.7130887508392334
1.8509746,110.0,2608.75,1.3503186106681824,4781.75,4.4818752110004425,7.284607,0.04296761,0.0781312,2644.0,2.7753965854644775,0.035871945,0.07691806,0.047722384,0.07936782,2686.0,2.75270414352417
1.6146357,111.0,2606.5,1.3671373128890991,4781.0,4.614883631467819,7.6536055,0.04186731,0.07851644,2644.0,2.785721778869629,0.03634158,0.07647325,0.04506122,0.07951014,2692.0,2.667973518371582
1.781426,112.0,2608.0,1.3779919147491455,4777.25,4.644103229045868,7.251631,0.04256528,0.07747352,2656.0,2.7804672718048096,0.03559614,0.07645296,0.047261316,0.07871337,2674.0,2.7910079956054688
1.605942,113.0,2605.0,1.3977173268795013,4772.75,4.594309031963348,7.556133,0.042008974,0.0781482,2644.0,2.838253974914551,0.036033712,0.07601194,0.0450774,0.07917743,2680.0,2.7582790851593018
1.8672119,114.0,2613.25,1.3890058100223541,4792.25,4.627858221530914,7.4919558,0.04225046,0.07711209,2638.0,2.8515102863311768,0.03533555,0.07588804,0.04699175,0.078306556,2674.0,2.8230698108673096
1.6957138,115.0,2603.5,1.3635189831256866,4786.25,4.5561091005802155,7.625101,0.04167549,0.07786809,2644.0,2.7275493144989014,0.035655025,0.07555644,0.044855785,0.07890717,2674.0,2.7894134521484375
1.7505238,116.0,2603.5,1.3597000539302826,4769.0,4.6839156448841095,7.4557323,0.041838605,0.07650029,2650.0,2.7457971572875977,0.035227597,0.075573534,0.046535857,0.07774794,2680.0,2.808262348175049
1.6222394,117.0,2604.25,1.3835045397281647,4766.0,4.672621876001358,7.5107923,0.04212449,0.077554315,2650.0,2.727234125137329,0.035272844,0.07507193,0.045139387,0.07860301,2680.0,2.7257144451141357
1.8380592,118.0,2612.5,1.375937283039093,4784.75,4.672672897577286,7.7991076,0.041170478,0.07642402,2638.0,3.0545740127563477,0.035263184,0.07529849,0.04588131,0.077586055,2686.0,3.110651969909668
1.6094289,119.0,2612.5,1.3936900198459625,4788.5,4.656761318445206,7.6939993,0.042251393,0.077166535,2644.0,2.6633920669555664,0.034877732,0.07472204,0.04556356,0.078255005,2686.0,2.91007661819458
1.8208675,120.0,2612.5,1.3721270561218262,4780.25,4.630216598510742,8.152491,0.04049448,0.075994365,2644.0,2.764838695526123,0.035355233,0.07494383,0.044895325,0.07708453,2692.0,2.77431321144104
1.450918,121.0,2606.5,1.3560700118541718,4774.25,4.64226222038269,7.6357746,0.0427044,0.07662465,2638.0,3.039644956588745,0.034416497,0.074358314,0.045801874,0.07774177,2674.0,3.403231620788574
1.8836516,122.0,2605.0,1.3866635859012604,4781.0,4.6772332191467285,8.388754,0.03957259,0.07528658,2650.0,2.80318546295166,0.035449117,0.07430717,0.044048645,0.07619472,2668.0,2.6989150047302246
1.319148,123.0,2599.75,1.3601576387882233,4772.0,4.5673209726810455,7.398051,0.041719396,0.07554687,2644.0,2.6720783710479736,0.0340125,0.073776454,0.044788294,0.07662422,2680.0,2.7675187587738037
1.7650363,124.0,2608.75,1.3970768749713898,4795.25,4.6782286465168,8.036905,0.039566014,0.074592724,2644.0,2.8125500679016113,0.03500792,0.07344845,0.043875773,0.07567839,2680.0,2.741889476776123
1.267545,125.0,2605.75,1.4427254498004913,4764.5,4.751085340976715,7.7446327,0.04004023,0.07415385,2638.0,2.738351583480835,0.034073334,0.07294126,0.04373559,0.07513182,2674.0,2.7231595516204834
1.8313262,126.0,2602.75,1.357422560453415,4762.25,4.5708728432655334,7.8640885,0.041177154,0.074148685,2650.0,2.7673215866088867,0.034707576,0.07277091,0.044673294,0.075108305,2680.0,2.8243377208709717
2.1659858,127.0,2603.5,1.3386463224887848,4765.25,4.5510285794734955,8.04265,0.039978605,0.07302143,2644.0,2.903698205947876,0.03504825,0.07287224,0.043323286,0.074288845,2692.0,2.922525644302368
1.4865497,128.0,2602.0,1.3607026934623718,4757.0,4.608856678009033,6.967785,0.040159196,0.07333438,2650.0,3.136516809463501,0.03407722,0.07230051,0.043437563,0.074349225,2692.0,2.7102768421173096
1.4925299,129.0,2602.75,1.3738555312156677,4758.5,4.52960342168808,6.841469,0.03982317,0.073561504,2638.0,2.9203224182128906,0.03438522,0.07233769,0.04299554,0.07475333,2680.0,2.7514450550079346
2.0542328,130.0,2600.5,1.3634172677993774,4749.5,4.605080306529999,7.374041,0.042418376,0.07494722,2644.0,2.808804750442505,0.033606865,0.072271675,0.045318887,0.075904116,2692.0,2.745483636856079
1.9538562,131.0,2601.25,1.3654772639274597,4778.75,4.611276775598526,8.160523,0.038897004,0.073707506,2644.0,2.644866704940796,0.034591593,0.07257671,0.043710258,0.07457864,2674.0,3.1317052841186523
1.6817722,132.0,2598.25,1.3587170541286469,4763.0,4.624316900968552,7.537607,0.04151167,0.07375626,2650.0,2.731050729751587,0.033210747,0.071901545,0.044948045,0.07478394,2680.0,2.8905324935913086
1.7721467,133.0,2598.25,1.3523190021514893,4774.25,4.597428858280182,8.351056,0.039486732,0.07296464,2644.0,2.80759334564209,0.035114657,0.0716875,0.042801768,0.073779106,2674.0,2.778867244720459
1.2701896,134.0,2597.5,1.3653466403484344,4773.5,4.596864193677902,7.556593,0.040314138,0.0733117,2644.0,2.763856887817383,0.03337324,0.07157318,0.043408856,0.074082464,2686.0,2.7287864685058594
1.5953913,135.0,2598.25,1.4071300029754639,4752.5,4.685535401105881,7.2121344,0.038540732,0.07250048,2644.0,2.733396530151367,0.033982344,0.07115776,0.04308775,0.0735766,2674.0,2.8054792881011963
1.3796883,136.0,2599.75,1.402092695236206,4789.25,4.684719055891037,7.8913736,0.03899973,0.071397826,2638.0,2.7541162967681885,0.033887442,0.07095963,0.042519525,0.072324574,2674.0,2.778093099594116
2.307007,137.0,2593.75,1.351868987083435,4762.25,4.493092119693756,9.749091,0.0442745,0.071325004,2632.0,2.7960073947906494,0.035268094,0.07029763,0.04728932,0.07189872,2674.0,2.8043181896209717
1.8179266,138.0,2590.0,1.354028195142746,4760.0,4.523778796195984,8.188852,0.04169606,0.070643485,2644.0,2.8401405811309814,0.034536526,0.070458904,0.044315457,0.07183548,2680.0,2.6954431533813477
2.246396,139.0,2596.75,1.3670392632484436,4765.25,4.677878707647324,9.01413,0.03971362,0.07208435,2638.0,2.7915453910827637,0.0350967,0.07035494,0.042201076,0.072810575,2668.0,2.752655267715454
2.2348099,140.0,2590.75,1.393955558538437,4736.0,4.692281544208527,8.632122,0.04121644,0.07322061,2638.0,2.799253225326538,0.033812143,0.0702247,0.045465276,0.07421011,2668.0,2.762289524078369
2.168014,141.0,2596.75,1.375155508518219,4764.5,4.6816897094249725,10.136127,0.039247137,0.07067383,2644.0,2.759653329849243,0.034643397,0.07046363,0.042853475,0.07137471,2668.0,2.724716901779175
2.4170294,142.0,2600.5,1.4134510457515717,4759.25,4.697758346796036,9.253864,0.04277985,0.0711004,2644.0,2.8819093704223633,0.0341203,0.06982504,0.045655146,0.0717663,2680.0,2.750333786010742
1.7051506,143.0,2592.25,1.3529163002967834,4771.25,4.6086465716362,7.787423,0.040729403,0.07061062,2638.0,2.770576000213623,0.033743855,0.0701296,0.04378738,0.07154785,2680.0,2.766753673553467
2.1376452,144.0,2593.0,1.352074682712555,4785.5,4.628999799489975,8.190107,0.03958775,0.0719064,2644.0,2.7333719730377197,0.03425355,0.06970116,0.04177305,0.07267903,2668.0,2.760807752609253
1.9944636,145.0,2595.25,1.350704699754715,4760.0,4.542013704776764,8.597876,0.04132586,0.07200971,2638.0,2.8489530086517334,0.033085275,0.069804296,0.045067348,0.07288799,2668.0,2.640058994293213
2.1538901,146.0,2595.25,1.4371393918991089,4775.75,4.866486370563507,10.364696,0.038809057,0.070399046,2644.0,3.076066493988037,0.034323998,0.069456294,0.042584687,0.070996895,2674.0,2.8345394134521484
2.7362971,147.0,2593.0,1.3946123123168945,4772.75,4.72794970870018,10.307651,0.043446396,0.0703907,2644.0,2.8040101528167725,0.03447798,0.069506705,0.046644706,0.0710208,2674.0,2.8305675983428955
2.4599655,148.0,2593.75,1.3526530861854553,4789.25,4.64045724272728,10.977192,0.04032661,0.07034049,2644.0,3.0879769325256348,0.03521145,0.06965062,0.044454567,0.07130776,2668.0,2.7427003383636475
2.4068816,149.0,2587.75,1.3946150839328766,4757.0,4.68663689494133,9.075573,0.040034253,0.07152707,2644.0,3.0809202194213867,0.03427448,0.0682543,0.04243613,0.07222258,2674.0,3.137430191040039
1.7684951,150.0,2590.0,1.3663646280765533,4754.75,4.675333857536316,8.905878,0.038432572,0.069400996,2650.0,2.71130633354187,0.032831706,0.06879967,0.04162121,0.07017021,2680.0,2.7462401390075684
1.9623082,151.0,2590.0,1.3398914635181427,4747.25,4.548689067363739,7.645795,0.04088703,0.069573775,2638.0,2.6989176273345947,0.033115827,0.068468004,0.043387316,0.070276424,2668.0,2.7279391288757324
1.6883078,152.0,2589.25,1.358344703912735,4753.25,4.580656886100769,6.3338337,0.040832102,0.069422945,2638.0,2.8059117794036865,0.032405797,0.06841372,0.043185785,0.07029347,2668.0,2.810944080352783
2.094629,153.0,2587.75,1.3516168594360352,4756.25,4.595143347978592,8.816893,0.038371585,0.070291996,2644.0,2.7965431213378906,0.033335663,0.068469025,0.041260067,0.07083753,2680.0,2.7323005199432373
1.95753,154.0,2590.75,1.4071706533432007,4780.25,4.765127778053284,9.29789,0.04042578,0.07105279,2632.0,2.922523260116577,0.03321434,0.06813739,0.044565775,0.07204429,2686.0,2.789868116378784
2.2781777,155.0,2594.5,1.40020352602005,4802.0,4.758415222167969,9.884169,0.038185358,0.06928466,2638.0,2.963068962097168,0.033397276,0.068424135,0.04136148,0.06983957,2674.0,2.9965131282806396
2.4292018,156.0,2592.25,1.3700100183486938,4760.75,4.647834032773972,9.0190525,0.042058963,0.06914378,2644.0,2.852630615234375,0.033118527,0.06828965,0.04478017,0.069668435,2674.0,2.803906202316284
1.9459357,157.0,2593.0,1.4623567163944244,4760.0,4.897015631198883,8.09414,0.039472263,0.06900328,2656.0,3.011845350265503,0.03267858,0.06788316,0.04197095,0.06984126,2680.0,2.8530967235565186
2.0910118,158.0,2591.5,1.4012132287025452,4766.75,4.677619934082031,8.3118725,0.03857439,0.07024221,2650.0,2.629469156265259,0.03297497,0.067598805,0.041232206,0.07089546,2686.0,2.6036593914031982
2.106416,159.0,2587.75,1.436358630657196,4758.5,4.844879180192947,8.55151,0.039906144,0.06979761,2644.0,3.0226259231567383,0.03193052,0.067795925,0.043830268,0.07052885,2680.0,3.0891213417053223
2.056546,160.0,2587.75,1.3336162269115448,4781.75,4.476474344730377,10.79644,0.038759932,0.0681151,2650.0,2.795109510421753,0.03342198,0.0671853,0.041667476,0.06869751,2668.0,2.751495122909546
1.8943691,161.0,2584.75,1.390091896057129,4755.5,4.598124653100967,8.530954,0.04090845,0.06886766,2638.0,2.676152229309082,0.032169923,0.06716217,0.043586932,0.06935937,2668.0,2.7637064456939697
1.5787786,162.0,2587.0,1.321991354227066,4777.25,4.497914791107178,7.4579945,0.03893965,0.06860188,2644.0,2.801400899887085,0.031931408,0.06761437,0.041452333,0.06940754,2674.0,2.9629833698272705
1.9596752,163.0,2590.75,1.3618936836719513,4766.75,4.6252800822258,8.248182,0.03844262,0.069052726,2644.0,2.7201578617095947,0.032660786,0.06724185,0.04063971,0.06973591,2668.0,2.6990697383880615
1.911894,164.0,2589.25,1.515221893787384,4764.5,5.100216954946518,8.195597,0.0390457,0.06948521,2638.0,2.6947765350341797,0.031661823,0.06687592,0.042717844,0.07014504,2674.0,2.7738842964172363
2.1870744,165.0,2590.75,1.3490748703479767,4774.25,4.540956556797028,9.833692,0.037693523,0.06769243,2650.0,2.7485885620117188,0.032645356,0.06663669,0.04078523,0.06829724,2668.0,2.8338382244110107
2.456344,166.0,2585.5,1.333248794078827,4771.25,4.460834264755249,9.404631,0.041600857,0.06796823,2644.0,2.8543641567230225,0.032480717,0.06684598,0.04426413,0.06852575,2668.0,2.872105121612549
2.3930929,167.0,2585.5,1.4697452783584595,4751.75,4.877794921398163,9.620472,0.038036294,0.06789466,2644.0,2.7950732707977295,0.032850593,0.06668201,0.041506425,0.06855491,2668.0,2.7946009635925293
1.792186,168.0,2584.0,1.4578675031661987,4789.25,4.908932864665985,8.793986,0.04087393,0.06893952,2638.0,2.779386520385742,0.032695197,0.0659674,0.043883197,0.06977904,2680.0,2.7163758277893066
2.2490628,169.0,2587.0,1.3822633028030396,4775.0,4.719343602657318,10.147459,0.037301246,0.06752062,2644.0,2.690117835998535,0.032406382,0.06631208,0.04068716,0.06790604,2668.0,2.7995564937591553
2.5788496,170.0,2584.0,1.354606032371521,4754.75,4.4865595400333405,8.670988,0.040738065,0.06691156,2638.0,2.7246956825256348,0.032778062,0.06612415,0.043309532,0.06740268,2680.0,2.7714133262634277
2.3799877,171.0,2584.75,1.3563753068447113,4744.25,4.603374511003494,8.81101,0.037437446,0.06689918,2644.0,2.907958984375,0.03221169,0.06592533,0.040059634,0.06759743,2668.0,3.0075855255126953
1.9110758,172.0,2586.25,1.333646297454834,4778.0,4.533078759908676,8.349419,0.040174976,0.06856968,2638.0,2.7004525661468506,0.03201581,0.06523092,0.04347946,0.0693547,2674.0,2.7070906162261963
1.9408814,173.0,2586.25,1.3494772017002106,4796.75,4.571617394685745,10.287985,0.037167434,0.06617564,2638.0,2.7788965702056885,0.03296502,0.06559637,0.040997196,0.06667304,2668.0,2.6128878593444824
2.231998,174.0,2584.0,1.3480069637298584,4745.0,4.623416244983673,9.079649,0.041330945,0.06674304,2632.0,2.71268630027771,0.03187877,0.06517396,0.04363724,0.067217186,2668.0,2.6992568969726562
2.4250922,175.0,2587.75,1.3792489767074585,4766.75,4.704934239387512,10.09107,0.038588136,0.06667054,2638.0,2.9347686767578125,0.033311915,0.06547235,0.04276128,0.067446396,2680.0,3.009960412979126
1.9662983,176.0,2585.5,1.3547249138355255,4789.25,4.621383041143417,8.839999,0.038584683,0.068099216,2632.0,2.8033127784729004,0.032809664,0.06484245,0.04069063,0.06855812,2674.0,3.06624436378479
1.6597724,177.0,2585.5,1.3762284517288208,4745.75,4.6559560894966125,8.478047,0.03681255,0.0663774,2644.0,2.7627201080322266,0.0310775,0.06517568,0.039778646,0.066812634,2668.0,2.7368998527526855
1.7289581,178.0,2577.25,1.3404056429862976,4744.25,4.513889342546463,6.9882526,0.038417306,0.06639595,2644.0,3.1213152408599854,0.03127062,0.06504634,0.040682122,0.066944905,2674.0,2.8813602924346924
2.000023,179.0,2581.0,1.424183577299118,4755.5,4.859040051698685,6.679085,0.037193935,0.06618056,2638.0,3.0335769653320312,0.030801965,0.064900555,0.039101887,0.066795975,2686.0,2.9054298400878906
1.9353343,180.0,2584.75,1.3899569511413574,4768.25,4.654706507921219,6.9391937,0.037981804,0.06759517,2632.0,2.783184766769409,0.030455263,0.06467599,0.040490024,0.068156354,2668.0,2.8064069747924805
1.7232492,181.0,2580.25,1.6550211906433105,4766.75,5.4259419441223145,8.33679,0.03750798,0.06695926,2650.0,2.8531041145324707,0.031338446,0.06506854,0.041679397,0.067541234,2674.0,2.828435182571411
1.9945058,182.0,2581.0,1.3708124160766602,4760.75,4.721299767494202,8.155094,0.03736407,0.066931434,2632.0,2.953909158706665,0.030937986,0.064529315,0.03893695,0.06733474,2668.0,3.039367914199829
1.3694193,183.0,2583.25,1.3869319260120392,4754.75,4.713648468255997,7.5751147,0.03544639,0.06603857,2638.0,2.7076141834259033,0.030785957,0.06475465,0.038590565,0.0664219,2668.0,2.5885629653930664
1.3987682,184.0,2572.0,1.3965055346488953,4753.25,4.812024742364883,6.9205246,0.039060332,0.066568054,2626.0,2.758138418197632,0.03049635,0.06475754,0.041980967,0.066919126,2674.0,2.701378583908081
1.3527498,185.0,2578.75,1.360247939825058,4744.25,4.621405839920044,6.951047,0.036631335,0.065302536,2638.0,2.719738483428955,0.03196668,0.06393002,0.03842209,0.06594219,2668.0,2.8808038234710693
1.3477176,186.0,2580.25,1.394380360841751,4748.75,4.708054602146149,6.6714306,0.03826399,0.06566055,2638.0,2.9483590126037598,0.030029675,0.06363535,0.039536253,0.06608736,2674.0,2.7537479400634766
2.0481524,187.0,2578.75,1.366422861814499,4760.75,4.615839213132858,7.6683407,0.03747747,0.06575229,2638.0,2.8454501628875732,0.03103457,0.06376822,0.04222811,0.06636712,2668.0,2.6923890113830566
1.8264058,188.0,2581.75,1.3989952206611633,4778.0,4.750152051448822,8.714702,0.037149243,0.06492615,2644.0,2.8282060623168945,0.03150424,0.063230775,0.039162014,0.065282464,2668.0,2.8654377460479736
1.4313071,189.0,2583.25,1.3792511820793152,4757.75,4.719944715499878,7.497159,0.03689053,0.066336244,2638.0,2.640894889831543,0.030367302,0.06325484,0.038669907,0.06655325,2668.0,2.7765746116638184
1.3634185,190.0,2577.25,1.3502199351787567,4751.75,4.61059907078743,6.4221506,0.037749358,0.06468123,2638.0,2.917695999145508,0.030685626,0.06393245,0.041903734,0.06524362,2668.0,2.764207363128662
1.5219635,191.0,2574.25,1.5792966783046722,4746.5,5.2383308708667755,6.9404106,0.036186952,0.06480954,2632.0,2.7787489891052246,0.0313298,0.062969826,0.038178705,0.065166265,2662.0,2.7634074687957764
1.4425354,192.0,2576.5,1.3423825800418854,4736.75,4.586845219135284,7.5215693,0.03673032,0.065148845,2644.0,2.908005714416504,0.030346343,0.06260505,0.039242305,0.065431386,2668.0,3.1325364112854004
1.559538,193.0,2579.5,1.374587059020996,4743.5,4.650063514709473,7.3371115,0.035522483,0.064794764,2638.0,2.610891342163086,0.029989518,0.06292987,0.039612673,0.065248966,2668.0,2.6273064613342285
1.4681988,194.0,2572.75,1.3447144627571106,4745.0,4.605101704597473,7.4202433,0.035467923,0.06402609,2644.0,3.023806095123291,0.030542294,0.06255218,0.0378674,0.06425218,2668.0,2.7254252433776855
1.8225666,195.0,2577.25,1.368583083152771,4750.25,4.6482614278793335,7.538069,0.038773496,0.064642094,2632.0,2.7690014839172363,0.029895179,0.062185228,0.039967142,0.06485787,2668.0,2.53456974029541
1.5317441,196.0,2573.5,1.3864908814430237,4758.5,4.800594806671143,6.9450097,0.038181175,0.06350451,2632.0,2.8414173126220703,0.031058494,0.062892616,0.041780397,0.06396912,2674.0,2.9003732204437256
1.7206422,197.0,2570.5,1.3474177122116089,4759.25,4.66622656583786,7.5105853,0.036807355,0.06497612,2626.0,3.045382022857666,0.031101419,0.062434953,0.03831871,0.065311596,2668.0,2.735419750213623
1.8594345,198.0,2578.0,1.379994124174118,4774.25,4.764303684234619,7.969875,0.03641206,0.064638905,2638.0,3.124889373779297,0.029973775,0.06234647,0.040053457,0.064846754,2668.0,3.0433061122894287
1.7007477,199.0,2572.75,1.3276687264442444,4754.75,4.520081132650375,7.862096,0.034757428,0.06418364,2632.0,2.6424009799957275,0.029781086,0.062261466,0.037776895,0.06442043,2662.0,2.803273916244507
1.5579469,200.0,2574.25,1.3473542928695679,4755.5,4.548259019851685,7.2091713,0.036978677,0.0644718,2632.0,2.7504026889801025,0.029561318,0.062115785,0.039155863,0.06462544,2668.0,2.7960994243621826
1.2522012,201.0,2568.25,1.365380972623825,4763.75,4.748102605342865,6.9025,0.0367254,0.06279893,2644.0,2.697861909866333,0.029888961,0.062024347,0.038459107,0.06324259,2668.0,2.667414665222168
1.2032585,202.0,2572.75,1.343379259109497,4763.75,4.651940315961838,6.521583,0.03627256,0.063881494,2632.0,2.7901549339294434,0.0291612,0.06152265,0.03825452,0.06421959,2668.0,2.9170191287994385
2.1361191,203.0,2575.0,1.3531642854213715,4747.25,4.541307508945465,7.4865828,0.03500811,0.06397952,2638.0,3.006098508834839,0.029284056,0.06244801,0.038155068,0.064218715,2668.0,2.805534601211548
2.247117,204.0,2573.5,1.372326374053955,4754.0,4.634449362754822,8.598337,0.038187154,0.06471758,2632.0,3.059601068496704,0.029299162,0.061302654,0.0412052,0.06502747,2662.0,2.988142251968384
2.217551,205.0,2572.0,1.4585159718990326,4777.25,4.9096022844314575,10.91622,0.035543542,0.06282771,2638.0,2.707991123199463,0.030585991,0.06185423,0.037933864,0.0629242,2668.0,2.691728115081787
1.8353858,206.0,2569.75,1.3470705151557922,4758.5,4.623459368944168,7.9882717,0.03738672,0.0637926,2632.0,2.7387545108795166,0.029159717,0.06161729,0.039305806,0.06383635,2668.0,2.7606778144836426
1.539999,207.0,2572.75,1.3625685274600983,4768.25,4.7272778153419495,6.4954257,0.035961937,0.06320916,2632.0,2.890507221221924,0.028752608,0.061915554,0.0382655,0.063520625,2662.0,2.722878932952881
1.7964041,208.0,2572.75,1.4606249928474426,4763.75,5.128556102514267,7.2717223,0.03517952,0.06341465,2638.0,2.748086452484131,0.029216595,0.06134513,0.037426826,0.06366884,2674.0,3.1212501525878906
1.8262054,209.0,2575.75,1.3257426023483276,4772.75,4.617388218641281,8.623438,0.03660943,0.063758776,2638.0,3.1287198066711426,0.029548671,0.06096278,0.039664816,0.06392585,2668.0,2.928382158279419
1.8904755,210.0,2569.75,1.400233417749405,4764.5,4.636537671089172,8.261454,0.03453421,0.062973544,2632.0,2.6059463024139404,0.029133506,0.060817625,0.037099816,0.06326315,2662.0,2.553248405456543
1.4910574,211.0,2572.0,1.3463857769966125,4768.25,4.544990599155426,7.6494236,0.034174263,0.06247783,2626.0,2.55625319480896,0.028996468,0.06125254,0.03684531,0.06261361,2668.0,2.71649432182312
1.5103112,212.0,2566.0,1.3538414239883423,4754.75,4.576167315244675,7.4573636,0.03732895,0.06325506,2626.0,2.7404592037200928,0.029031403,0.060397662,0.0395406,0.06328855,2668.0,2.690833806991577
1.3801086,213.0,2572.0,1.3519486486911774,4750.25,4.607542157173157,7.382178,0.035592534,0.060961433,2626.0,3.094228982925415,0.02939138,0.06020034,0.037959713,0.061386622,2656.0,2.8964486122131348
1.5500586,214.0,2566.75,1.3887071907520294,4758.5,4.830495089292526,6.79082,0.0356088,0.062061958,2626.0,2.681358575820923,0.028998274,0.060349338,0.037142016,0.0623042,2668.0,2.8650667667388916
2.0849986,215.0,2563.0,1.3991864323616028,4756.25,4.8449273109436035,7.494137,0.034891594,0.06303466,2620.0,3.1638269424438477,0.028731883,0.059964813,0.037407685,0.06326177,2668.0,3.248126983642578
1.8850062,216.0,2566.75,1.4458844363689423,4760.75,4.961260765790939,8.003379,0.037740394,0.06317635,2620.0,2.6257243156433105,0.028596938,0.06072759,0.041800328,0.06338161,2668.0,2.7188026905059814
2.39017,217.0,2564.5,1.3133196830749512,4770.5,4.522926956415176,10.485237,0.035374183,0.061578594,2626.0,2.812623977661133,0.030578379,0.05987654,0.03729349,0.06155523,2674.0,2.7013769149780273
2.1672075,218.0,2572.0,1.3670493960380554,4767.5,4.68633708357811,8.465458,0.036753614,0.061815605,2632.0,2.6702396869659424,0.028748259,0.0603971,0.038768798,0.061768264,2668.0,2.7764947414398193
1.5026512,219.0,2565.25,1.3413480818271637,4760.0,4.579219579696655,6.511693,0.03657592,0.062103517,2632.0,3.0616402626037598,0.028146485,0.06020078,0.038329314,0.062391385,2662.0,2.834481954574585
2.0982153,220.0,2566.0,1.3751299381256104,4757.0,4.705352067947388,7.9725933,0.03395947,0.061795972,2620.0,2.658669948577881,0.028897436,0.0598842,0.0363435,0.061828896,2662.0,2.739175796508789
1.8823137,221.0,2566.0,1.318302482366562,4743.5,4.481611430644989,8.862921,0.037966456,0.06303626,2638.0,2.682311534881592,0.028845012,0.05945999,0.04130336,0.063296795,2674.0,2.676159620285034
2.067038,222.0,2572.75,1.3045235574245453,4790.0,4.454404801130295,11.125221,0.03491302,0.060581688,2620.0,2.7855000495910645,0.030431166,0.059798367,0.037375443,0.060629748,2656.0,2.8531270027160645
1.9271799,223.0,2564.5,1.3688694536685944,4743.5,4.712280422449112,8.513566,0.037024874,0.061929215,2638.0,2.694261074066162,0.028469577,0.059565328,0.038904354,0.061937265,2674.0,2.7580509185791016
1.3512938,224.0,2566.75,1.3403610289096832,4759.25,4.651213079690933,6.5208416,0.03678073,0.06153793,2632.0,2.8968913555145264,0.028138747,0.05980589,0.03854368,0.061667383,2680.0,2.89963698387146
1.8454293,225.0,2563.0,1.3699196875095367,4752.5,4.690669804811478,8.869736,0.03457407,0.060793966,2644.0,2.891127586364746,0.02960404,0.05957707,0.03642453,0.06089343,2674.0,2.714838743209839
1.6319145,226.0,2565.25,1.3752692639827728,4769.75,4.899405598640442,9.286579,0.037040215,0.061952032,2632.0,2.8379106521606445,0.029203575,0.058729395,0.04014565,0.06213917,2662.0,2.875964403152466
2.1415548,227.0,2564.5,1.3440995812416077,4760.75,4.671042323112488,9.747043,0.034086235,0.0608203,2620.0,2.6918396949768066,0.028999269,0.059119463,0.03667232,0.06088744,2662.0,2.7319447994232178
2.3245142,228.0,2572.0,1.3665419816970825,4758.5,4.721604198217392,8.428677,0.03744222,0.060752884,2638.0,2.6925911903381348,0.028837204,0.05921068,0.03935907,0.060784146,2668.0,2.731275796890259
1.8644375,229.0,2566.0,1.359332114458084,4763.0,4.702244430780411,7.702787,0.03610076,0.060452767,2632.0,3.0963308811187744,0.028572306,0.058969952,0.03825152,0.06059846,2656.0,2.899580240249634
1.926475,230.0,2573.5,1.4642589092254639,4770.5,4.974964290857315,8.037724,0.034790687,0.061518945,2632.0,3.118090867996216,0.029113278,0.058772918,0.03698827,0.06172663,2674.0,2.764413833618164
1.8099327,231.0,2564.5,1.3589412569999695,4760.75,4.702596724033356,8.213921,0.035862274,0.06183687,2638.0,2.9899723529815674,0.027772408,0.058735333,0.038925737,0.061822012,2674.0,2.8610877990722656
2.1635628,232.0,2569.75,1.3770925402641296,4774.25,4.830320477485657,10.463724,0.03450223,0.059871167,2632.0,2.7546567916870117,0.029358909,0.058890976,0.036806364,0.059977286,2668.0,2.747255802154541
1.6698809,233.0,2567.5,1.3435992002487183,4741.25,4.663313567638397,7.689042,0.03573094,0.06143588,2632.0,2.838085651397705,0.027783584,0.058647834,0.037631616,0.061354153,2662.0,2.7781758308410645
1.1646876,234.0,2563.75,1.3465166091918945,4751.0,4.609112620353699,6.1607985,0.034944165,0.060366467,2638.0,2.7258713245391846,0.027347393,0.05891152,0.036886025,0.060486652,2668.0,2.7611217498779297
1.7169347,235.0,2564.5,1.418491780757904,4764.5,4.948445588350296,7.740875,0.03381966,0.059612997,2638.0,2.8447470664978027,0.02798159,0.05839064,0.035599746,0.059771106,2662.0,2.8495664596557617
1.7218783,236.0,2563.75,1.3741022646427155,4762.25,4.74036705493927,8.431385,0.036573753,0.060923796,2638.0,2.8458869457244873,0.028214496,0.0581159,0.03926004,0.06116917,2662.0,2.7328035831451416
1.8676133,237.0,2565.25,1.3448957800865173,4751.0,4.584774285554886,9.523377,0.033241056,0.060397223,2632.0,2.692631244659424,0.0286387,0.05803626,0.036325507,0.06040027,2656.0,2.689371109008789
2.6456447,238.0,2560.0,1.3214786052703857,4766.75,4.518422991037369,10.924776,0.038969778,0.059695538,2638.0,2.777327537536621,0.03033106,0.058486633,0.041536663,0.059616208,2662.0,2.7307989597320557
2.1094208,239.0,2565.25,1.3388404250144958,4803.5,4.711387485265732,12.243917,0.03763798,0.059779342,2626.0,2.824218273162842,0.031457722,0.057912823,0.039813563,0.059951805,2662.0,2.829092502593994
2.0885062,240.0,2567.5,1.372932493686676,4771.25,4.796716123819351,8.652288,0.033464935,0.05950561,2632.0,2.8226029872894287,0.029179074,0.057120197,0.035815965,0.059427164,2662.0,2.725262403488159
1.9218725,241.0,2564.5,1.373427003622055,4753.25,4.731548547744751,8.339792,0.036789007,0.05946435,2632.0,2.741988182067871,0.028440144,0.056989834,0.038676843,0.05933176,2656.0,2.7197065353393555
1.1945547,242.0,2563.75,1.3182050287723541,4754.75,4.509040504693985,7.9976215,0.03578486,0.057757124,2626.0,3.0124382972717285,0.028958825,0.05731766,0.036717378,0.057932064,2662.0,3.166633367538452
2.2828941,243.0,2566.0,1.3764030933380127,4752.5,4.7397898733615875,8.326765,0.03454026,0.0602679,2620.0,2.744436025619507,0.028252913,0.0571727,0.03725884,0.0603348,2662.0,2.772667646408081
2.0114603,244.0,2563.0,1.3279584348201752,4766.0,4.574796169996262,8.0266075,0.033776905,0.060653586,2632.0,2.9524478912353516,0.027579349,0.057486683,0.036709584,0.060653,2662.0,2.7566916942596436
1.8571332,245.0,2563.0,1.5349831283092499,4749.5,5.201615780591965,7.994006,0.03320209,0.058905173,2638.0,2.7341880798339844,0.02767739,0.05746001,0.03499928,0.058881275,2662.0,2.9086196422576904
1.5650966,246.0,2561.5,1.3442187905311584,4748.0,4.667612850666046,7.0282073,0.033746406,0.059594177,2632.0,2.844521999359131,0.026783612,0.05759581,0.035536945,0.059622034,2662.0,2.835442304611206
1.5186769,247.0,2565.25,1.360030472278595,4753.25,4.658243656158447,6.528098,0.03274444,0.059209064,2632.0,2.7578890323638916,0.026666973,0.05739826,0.035626315,0.059272703,2662.0,2.9659972190856934
1.5060203,248.0,2565.25,1.3432016968727112,4760.75,4.6742225885391235,6.4196925,0.036250524,0.060685635,2620.0,2.6833505630493164,0.026341604,0.05704347,0.038189832,0.060739804,2668.0,2.682011127471924
1.7957201,249.0,2561.5,1.3362566530704498,4791.5,4.603189259767532,9.46169,0.033719562,0.05824677,2632.0,2.801321268081665,0.028496072,0.05707504,0.03589726,0.058131296,2662.0,2.801104784011841
1.8725123,250.0,2560.75,1.3011236488819122,4757.0,4.413949519395828,8.132629,0.03431739,0.058870647,2632.0,3.0657589435577393,0.027228665,0.057211556,0.036114365,0.0587337,2662.0,2.8652184009552
1.6040555,251.0,2563.0,1.5384338796138763,4745.75,5.211923211812973,6.3200226,0.034937933,0.05953869,2638.0,2.8197176456451416,0.026697453,0.057155862,0.03627078,0.059711434,2662.0,2.8408734798431396
2.0139222,252.0,2557.75,1.353603184223175,4748.0,4.674259930849075,7.5470185,0.033024985,0.05910909,2626.0,2.7446341514587402,0.027463173,0.056689598,0.035585254,0.058906697,2662.0,2.7221243381500244
1.7829062,253.0,2563.75,1.3967272341251373,4753.25,4.767913997173309,7.8548226,0.035670955,0.059335344,2632.0,3.120924949645996,0.02686574,0.05649646,0.03858285,0.059414767,2662.0,3.0576910972595215
1.7899336,254.0,2562.25,1.3696216344833374,4776.5,4.754188001155853,10.142258,0.032869503,0.05818405,2620.0,2.899543046951294,0.028572695,0.056610174,0.035140175,0.058053024,2656.0,2.788965940475464
2.0796194,255.0,2561.5,1.333982139825821,4743.5,4.578039258718491,8.904692,0.036619022,0.058738947,2638.0,2.729522466659546,0.027520668,0.05675299,0.03879647,0.058547933,2656.0,2.748587131500244
2.140505,256.0,2566.0,1.3969742059707642,4778.75,4.955042272806168,9.845224,0.036028445,0.05863294,2626.0,3.0300304889678955,0.029056884,0.05675874,0.038373116,0.05861391,2668.0,2.981031894683838
1.6434565,257.0,2563.75,1.3964509665966034,4757.75,4.815866440534592,8.719851,0.034555085,0.05882924,2638.0,2.8811988830566406,0.028594706,0.05611951,0.03673371,0.058726296,2674.0,2.843724250793457
2.1960776,258.0,2560.75,1.3334108293056488,4768.25,4.624858140945435,8.860237,0.03286461,0.058610454,2614.0,2.7204153537750244,0.027080541,0.056156144,0.03467921,0.058266602,2656.0,2.7371644973754883
2.110711,259.0,2562.25,1.4464398920536041,4779.5,5.029820084571838,7.216812,0.034470513,0.057529736,2632.0,2.9723424911499023,0.027262732,0.056290984,0.036199957,0.057465456,2668.0,2.8883371353149414
1.6250982,260.0,2557.75,1.3782474994659424,4724.75,4.689952939748764,5.9063473,0.0333788,0.057626486,2632.0,2.5984838008880615,0.026361056,0.05583392,0.03465836,0.057507485,2662.0,2.6721181869506836
1.957575,261.0,2560.0,1.358999103307724,4756.25,4.805951148271561,7.4300065,0.032079015,0.058331236,2626.0,2.6993489265441895,0.026347104,0.055918477,0.03435229,0.05834937,2668.0,2.786846160888672
1.6123744,262.0,2562.25,1.363262951374054,4755.5,4.716096013784409,8.8767605,0.03525061,0.05924572,2620.0,2.8073410987854004,0.027082317,0.0558552,0.03791656,0.059076626,2662.0,2.7409982681274414
2.2116523,263.0,2562.25,1.3340444266796112,4763.0,4.60841503739357,9.759188,0.032558236,0.057449415,2632.0,2.851294755935669,0.027528467,0.056249443,0.034138534,0.057210393,2668.0,3.0660860538482666
1.7667747,264.0,2566.75,1.34657883644104,4766.75,4.787843495607376,7.203861,0.03446658,0.058387138,2638.0,2.746274471282959,0.02633636,0.055976797,0.03614453,0.058137372,2662.0,2.810789108276367
1.3327382,265.0,2558.5,1.3523606061935425,4750.25,4.7438962161540985,5.962761,0.032659285,0.05737488,2632.0,2.9952619075775146,0.026745092,0.055809885,0.034488153,0.057330865,2656.0,2.6260170936584473
1.3407104,266.0,2552.5,1.4154269993305206,4747.25,4.961209058761597,5.610982,0.032734297,0.057877377,2632.0,3.063206911087036,0.02564794,0.055336207,0.034412142,0.057780277,2656.0,2.730858087539673
1.6678238,267.0,2556.25,1.5818621516227722,4760.0,5.499480664730072,7.872827,0.03356004,0.057834968,2632.0,3.2479465007781982,0.026775664,0.055652954,0.036059402,0.05780313,2662.0,2.945284605026245
1.636087,268.0,2552.5,1.4062926173210144,4767.5,4.87902906537056,7.53949,0.034161337,0.05838012,2626.0,2.746079444885254,0.026116408,0.05518228,0.036568485,0.058173977,2662.0,2.7489264011383057
1.7372231,269.0,2558.5,1.3441638350486755,4763.75,4.654747754335403,8.716354,0.031517282,0.056256443,2632.0,2.6016042232513428,0.02708774,0.055306993,0.034095183,0.05618971,2680.0,2.6388421058654785
2.293232,270.0,2554.75,1.4316573441028595,4755.5,4.947197377681732,8.5117,0.035853423,0.057552017,2638.0,2.915818214416504,0.026775012,0.05520977,0.037137695,0.057247493,2668.0,2.73801851272583
1.7861276,271.0,2562.25,1.3458412289619446,4768.25,4.7168185114860535,8.31634,0.034143068,0.056313604,2626.0,2.743201971054077,0.027355019,0.05510374,0.03585806,0.0562725,2656.0,2.7341816425323486
1.7832782,272.0,2561.5,1.4237858355045319,4771.25,4.938398361206055,7.2758017,0.032543384,0.056859888,2638.0,2.8964571952819824,0.026368398,0.054687385,0.034562502,0.05673302,2662.0,3.023641347885132
1.8672354,273.0,2557.75,1.4004160165786743,4754.0,4.830443561077118,8.336412,0.035385963,0.058326297,2632.0,3.201310396194458,0.026688874,0.05501754,0.037598647,0.05820336,2656.0,2.8347582817077637
2.346486,274.0,2558.5,1.458016037940979,4781.75,5.050254076719284,9.495728,0.032028787,0.056032933,2638.0,2.973175048828125,0.027142588,0.05490513,0.03383821,0.0557943,2662.0,2.848342180252075
1.5605917,275.0,2557.75,1.4185912907123566,4753.25,4.931985139846802,6.7043023,0.031961426,0.05666656,2632.0,3.163660764694214,0.025321998,0.054780982,0.033748567,0.056526598,2662.0,2.753568410873413
1.6624515,276.0,2560.0,1.4272564351558685,4748.0,4.940184473991394,5.971648,0.032298446,0.056523085,2638.0,2.798170804977417,0.025427237,0.054535963,0.03425753,0.056502864,2644.0,2.804103374481201
1.641496,277.0,2556.25,1.363659292459488,4769.0,4.76764714717865,6.732394,0.03436932,0.057580497,2632.0,2.871415376663208,0.025375191,0.054341614,0.036507383,0.05742436,2662.0,2.8210628032684326
1.8230144,278.0,2555.5,1.501995027065277,4760.0,5.185237318277359,9.238844,0.03192702,0.05609674,2626.0,3.031449317932129,0.027151924,0.054584254,0.03398224,0.055856496,2662.0,3.014878988265991
2.1198416,279.0,2557.75,1.3845291435718536,4775.75,4.8541616797447205,8.353418,0.033455912,0.05624991,2626.0,2.8109381198883057,0.026533505,0.054639272,0.0350874,0.05584926,2662.0,2.9399890899658203
1.482317,280.0,2561.5,1.3612516522407532,4783.25,4.733538180589676,6.193956,0.03410621,0.056359343,2638.0,2.650153636932373,0.025396772,0.054542027,0.034962267,0.056328505,2656.0,2.722720146179199
2.061352,281.0,2556.25,1.3141641318798065,4778.0,4.56766015291214,7.9602175,0.031757943,0.05623501,2632.0,2.831343173980713,0.026524408,0.053835243,0.033949327,0.055964988,2662.0,2.673118829727173
1.7015485,282.0,2549.5,1.4106182754039764,4756.25,4.844495087862015,8.462957,0.03490976,0.05609297,2620.0,2.8153235912323,0.025945887,0.053661127,0.037555292,0.05604607,2656.0,2.8834407329559326
1.9315083,283.0,2557.0,1.3512242436408997,4778.75,4.707837611436844,10.167856,0.031921037,0.05559541,2644.0,2.9429633617401123,0.026927961,0.053818755,0.033748664,0.05537317,2668.0,2.7099626064300537
1.7383544,284.0,2552.5,1.4057044684886932,4760.75,4.846021860837936,7.8832693,0.034469772,0.05579947,2620.0,2.9627151489257812,0.025835186,0.05388853,0.036571965,0.055430785,2662.0,2.779162883758545
1.3259628,285.0,2553.25,1.357751190662384,4771.25,4.779152363538742,7.4717083,0.0337842,0.055818267,2608.0,2.716360092163086,0.026194988,0.053700604,0.034825638,0.05573026,2662.0,2.6951026916503906
1.858107,286.0,2555.5,1.4318993985652924,4754.75,4.97619703412056,7.747754,0.0324037,0.05517159,2626.0,2.6974098682403564,0.02643201,0.053864587,0.034497473,0.0550591,2656.0,2.769266128540039
1.9506046,287.0,2557.0,1.341424584388733,4752.5,4.635800629854202,8.123228,0.032507025,0.056532174,2626.0,2.6611897945404053,0.025830768,0.05314669,0.034812294,0.056229927,2656.0,2.7075355052948
2.1562614,288.0,2555.5,1.3717735707759857,4775.0,4.878954917192459,8.83574,0.03221947,0.05451689,2626.0,2.559600591659546,0.026023533,0.05337719,0.033487737,0.054419447,2656.0,2.647778034210205
1.3955765,289.0,2556.25,1.3569488227367401,4772.75,4.789676368236542,6.408105,0.03184494,0.05536422,2626.0,2.8352200984954834,0.024991274,0.053375036,0.033253208,0.05517081,2662.0,2.703386068344116
1.494511,290.0,2556.25,1.3147065341472626,4760.75,4.553407430648804,5.655715,0.0316246,0.05519355,2632.0,3.0595200061798096,0.024977494,0.0534707,0.033551738,0.055118836,2656.0,2.785761833190918
1.5505908,291.0,2556.25,1.3535513877868652,4757.75,4.739311844110489,5.8685017,0.03202655,0.056304812,2632.0,2.5600736141204834,0.024746282,0.05301277,0.033866957,0.056076568,2668.0,2.5816779136657715
1.5617119,292.0,2555.5,1.3334271311759949,4778.75,4.7323415875434875,7.689147,0.033349827,0.055481736,2608.0,2.6937875747680664,0.025690556,0.053652313,0.035760105,0.05533382,2656.0,2.7930028438568115
2.0199373,293.0,2552.5,1.3389180302619934,4778.0,4.634884744882584,9.342638,0.03210231,0.055036657,2614.0,2.6113996505737305,0.026442237,0.052830786,0.033267647,0.05456815,2662.0,2.6037681102752686
1.8614752,294.0,2562.25,1.3739761710166931,4795.25,4.881521135568619,7.383173,0.032004043,0.05450141,2626.0,3.0230844020843506,0.025289383,0.053224925,0.03389179,0.054250523,2662.0,3.1760976314544678
1.3615155,295.0,2557.0,1.4287327826023102,4768.25,4.950701475143433,5.9411135,0.031043025,0.054785598,2632.0,3.00286865234375,0.024569586,0.052945495,0.032605663,0.05470585,2650.0,2.7552521228790283
1.5023077,296.0,2555.5,1.3908860683441162,4759.25,5.051333487033844,6.2611494,0.033437844,0.05547917,2620.0,3.0538582801818848,0.024761459,0.05251293,0.034888357,0.05533028,2656.0,2.8805179595947266
1.4756498,297.0,2548.0,1.372731328010559,4757.0,4.899242639541626,8.136368,0.031838126,0.05468081,2620.0,2.9804880619049072,0.025900887,0.05295246,0.033849068,0.054439005,2650.0,2.961980104446411
1.4112711,298.0,2551.0,1.3755483329296112,4778.0,4.872751146554947,7.1323023,0.03277197,0.055453844,2626.0,3.132662057876587,0.025070135,0.052706566,0.034140058,0.055146836,2662.0,3.0384905338287354
1.1670533,299.0,2560.75,1.3665416240692139,4781.0,4.786300033330917,6.9703484,0.030895207,0.053743303,2620.0,2.783057689666748,0.025925387,0.05283822,0.03288939,0.053623695,2656.0,2.7701494693756104
1.2199779,300.0,2545.0,1.3295823335647583,4743.5,4.618730157613754,6.651371,0.030962262,0.05441781,2644.0,2.896460771560669,0.024367446,0.051723164,0.032936417,0.053981647,2662.0,2.9795644283294678
1.7239945,301.0,2551.0,1.367156594991684,4771.25,4.837600469589233,6.9181194,0.031450234,0.053886518,2632.0,2.7372560501098633,0.025433648,0.051902357,0.032862626,0.05373679,2662.0,2.7306461334228516
1.3992462,302.0,2552.5,1.3468964099884033,4754.0,4.656889706850052,6.369646,0.03140372,0.052715845,2608.0,2.560194730758667,0.024939623,0.05188483,0.033035282,0.05262824,2656.0,2.6659045219421387
1.5861472,303.0,2547.25,1.3619828820228577,4749.5,4.80440554022789,6.477179,0.032317676,0.054981202,2626.0,2.8869855403900146,0.024345536,0.051845253,0.033905845,0.054845907,2662.0,2.848487615585327
1.4330075,304.0,2546.5,1.3587935268878937,4767.5,4.753726541996002,7.788529,0.030850962,0.053749472,2632.0,2.956653118133545,0.025401646,0.052318685,0.033179905,0.053458326,2656.0,2.7254467010498047
1.5775378,305.0,2548.75,1.378724843263626,4751.75,4.803450137376785,7.0973234,0.03147597,0.05394917,2620.0,2.784109354019165,0.024354644,0.051235825,0.03284578,0.053659532,2650.0,2.762692451477051
1.7034683,306.0,2551.75,1.3696615099906921,4762.25,4.823905140161514,7.0790043,0.030475155,0.053160682,2644.0,2.8793351650238037,0.025219467,0.05238583,0.03198383,0.053008832,2650.0,2.8796708583831787
1.8008965,307.0,2545.75,1.376231461763382,4781.0,4.994451284408569,6.631929,0.031759825,0.05334839,2620.0,2.9024922847747803,0.024884684,0.051297523,0.03305872,0.05301876,2650.0,2.7019126415252686
1.6135235,308.0,2550.25,1.3608489334583282,4751.0,4.805660665035248,6.6116414,0.03022829,0.0540809,2638.0,2.7543721199035645,0.024698738,0.05100667,0.032177635,0.053828936,2662.0,2.999018430709839
1.671111,309.0,2551.0,1.3645933866500854,4775.75,4.833079844713211,7.1362934,0.03108177,0.052701704,2620.0,2.7547802925109863,0.025142273,0.052024953,0.03263954,0.052498423,2662.0,2.7962119579315186
1.1768014,310.0,2550.25,1.3810076117515564,4768.25,4.822034329175949,6.22062,0.029864985,0.052706387,2620.0,3.0799050331115723,0.024816059,0.050746683,0.031413227,0.052347325,2650.0,3.177090644836426
0.9211872,311.0,2547.25,1.3975806832313538,4746.5,4.852535724639893,5.514784,0.031402774,0.05362058,2608.0,2.8725357055664062,0.023736037,0.05101518,0.032939076,0.053443287,2662.0,2.565906524658203
1.2215455,312.0,2554.0,1.3700375258922577,4735.25,4.818775564432144,6.556039,0.031935193,0.05362662,2620.0,2.6835601329803467,0.024024347,0.051590286,0.033911463,0.05339021,2662.0,2.940626621246338
1.4076831,313.0,2551.0,1.3578618466854095,4759.25,4.771649122238159,7.9102798,0.030521391,0.05269986,2626.0,2.859349489212036,0.024576569,0.05117686,0.032909077,0.05238814,2674.0,2.635929822921753
1.7874378,314.0,2549.5,1.3568862080574036,4745.0,4.70879939198494,7.343554,0.030107826,0.052989397,2632.0,2.9329400062561035,0.023874996,0.050690584,0.03162685,0.052643232,2650.0,2.6674654483795166
2.2012937,315.0,2548.0,1.4331328868865967,4774.25,4.958669424057007,7.1468945,0.030731993,0.05256051,2632.0,2.7549800872802734,0.02454161,0.051329147,0.03205173,0.052268706,2656.0,2.765488862991333
1.7836882,316.0,2542.75,1.4989008903503418,4749.5,5.269921571016312,6.0666323,0.02977247,0.05251779,2614.0,2.842747449874878,0.023775514,0.050820567,0.03130859,0.0523208,2656.0,2.761005163192749
1.5301962,317.0,2547.25,1.3463581204414368,4742.75,4.67435696721077,6.0812216,0.03177767,0.053499103,2632.0,2.9051926136016846,0.02337033,0.050714694,0.033547223,0.053326286,2656.0,2.742159366607666
1.4257112,318.0,2545.0,1.4596261382102966,4745.75,5.076655596494675,7.8257637,0.030571427,0.052645512,2626.0,2.7405881881713867,0.024537677,0.0512297,0.032770127,0.05224718,2656.0,2.830868721008301
1.4715326,319.0,2545.75,1.33306485414505,4775.75,4.798267513513565,7.4299884,0.030361287,0.052991856,2620.0,2.759303569793701,0.02440181,0.050402798,0.031715922,0.05272984,2656.0,2.7506113052368164
1.677434,320.0,2546.5,1.3666399121284485,4739.75,4.759108692407608,6.8610535,0.02943357,0.05188693,2632.0,2.79657244682312,0.02403339,0.05119376,0.031163221,0.05158128,2656.0,2.7698464393615723
1.4733908,321.0,2548.0,1.3383130133152008,4737.5,4.614328116178513,6.264538,0.030372223,0.052492842,2620.0,2.720947027206421,0.023503233,0.050467476,0.03192104,0.05217866,2656.0,2.787977695465088
1.3572719,322.0,2540.5,1.3640056550502777,4751.75,4.805170059204102,6.426029,0.030344406,0.05252537,2638.0,2.774172306060791,0.023960285,0.04990816,0.031932898,0.052315816,2656.0,2.808126449584961
1.1688825,323.0,2545.0,1.3313029408454895,4751.0,4.708137214183807,6.734067,0.029936131,0.05087854,2602.0,2.7189815044403076,0.023611067,0.050005987,0.032093607,0.05069794,2656.0,2.690544366836548
1.1922597,324.0,2545.75,1.3504153490066528,4755.5,4.72841402888298,6.4752355,0.03047483,0.052786905,2626.0,2.920031785964966,0.023530433,0.050531656,0.03187287,0.052576274,2662.0,2.7925848960876465
1.0117753,325.0,2539.0,1.4415676593780518,4754.75,5.04360756278038,6.573819,0.029571868,0.051522836,2626.0,3.0012032985687256,0.023932412,0.04976594,0.03129515,0.051212296,2650.0,2.8375110626220703
1.1830444,326.0,2545.0,1.3996205627918243,4757.0,4.941079676151276,6.8699756,0.030106515,0.051838305,2620.0,2.8841755390167236,0.023198603,0.049607433,0.031864963,0.05173672,2656.0,2.9259307384490967
1.7672745,327.0,2548.0,1.346323937177658,4760.75,4.718227654695511,7.407292,0.030375838,0.051267736,2614.0,2.7440905570983887,0.024439108,0.050212927,0.031518135,0.050978564,2650.0,2.7868878841400146
1.3445234,328.0,2539.75,1.3421059846878052,4763.75,4.668805420398712,6.2774377,0.03028513,0.051130205,2626.0,2.6766016483306885,0.023724984,0.049526416,0.031539563,0.050848152,2650.0,2.6685028076171875
1.275086,329.0,2543.5,1.3865585029125214,4742.75,4.927747666835785,5.4526663,0.029830419,0.05263742,2626.0,3.023778200149536,0.022892546,0.049629934,0.031228572,0.052285008,2650.0,2.8155219554901123
1.1171112,330.0,2548.0,1.387371450662613,4750.25,4.899572312831879,6.297676,0.029918358,0.050011158,2614.0,2.744330644607544,0.023488872,0.049746364,0.031704888,0.049897008,2650.0,2.739154577255249
1.6732875,331.0,2542.75,1.3836369812488556,4740.5,4.881156802177429,6.9250813,0.030773083,0.051685534,2620.0,2.742415428161621,0.023225648,0.049004212,0.03255467,0.05140318,2656.0,3.0336852073669434
1.4396154,332.0,2537.5,1.3384571969509125,4753.25,4.760996758937836,6.9930525,0.0300343,0.052012786,2614.0,2.7373716831207275,0.023390768,0.0494878,0.03202652,0.051647313,2656.0,2.686361074447632
1.4299393,333.0,2541.25,1.38204425573349,4760.0,4.835086524486542,7.1624694,0.030929446,0.051330425,2614.0,2.9254393577575684,0.023336824,0.04950979,0.032689467,0.051186465,2656.0,2.577932596206665
1.171503,334.0,2544.25,1.3740522265434265,4778.0,4.968825131654739,7.4702287,0.028850663,0.05111312,2620.0,2.658268690109253,0.02377,0.049610883,0.030690612,0.0507485,2650.0,2.6253161430358887
1.2893139,335.0,2538.25,1.3675657212734222,4735.25,4.815846085548401,7.0800266,0.029468812,0.05097891,2626.0,2.989656686782837,0.023044862,0.04900017,0.031122845,0.05070792,2650.0,2.805825710296631
2.059843,336.0,2544.25,1.3735962510108948,4766.0,4.93801885843277,8.1992,0.032351978,0.050456017,2626.0,2.78649640083313,0.024170801,0.04903428,0.033182118,0.050127223,2662.0,2.8014283180236816
1.1999195,337.0,2539.0,1.3152671158313751,4753.25,4.626616567373276,6.8607564,0.030987645,0.0499753,2620.0,3.041616678237915,0.023655979,0.04859972,0.031562548,0.049816374,2644.0,2.7672858238220215
1.7841,338.0,2540.5,1.4155683517456055,4742.75,4.9038425385952,7.6874638,0.029494595,0.050174367,2632.0,3.0819122791290283,0.02311328,0.04890109,0.03079031,0.049884286,2650.0,2.8721296787261963
1.726412,339.0,2541.25,1.4015466570854187,4763.0,4.912420302629471,7.84828,0.030907389,0.051230982,2614.0,2.9780144691467285,0.023475979,0.049052626,0.033076413,0.050997406,2644.0,2.806300401687622
1.6814554,340.0,2542.0,1.3340197503566742,4758.5,4.645718991756439,7.759052,0.029454423,0.05093798,2626.0,2.988811492919922,0.023316264,0.048901856,0.031183623,0.050506912,2662.0,2.8506393432617188
2.0022948,341.0,2535.25,1.3285068273544312,4721.0,4.682738184928894,7.3236628,0.028702334,0.050275233,2620.0,2.740462064743042,0.022948,0.048571814,0.030314574,0.049923904,2644.0,2.861487627029419
2.149244,342.0,2540.5,1.3786822855472565,4786.25,4.913859486579895,6.7695484,0.031131074,0.049976487,2620.0,2.734894275665283,0.02344624,0.048723347,0.032005787,0.049816567,2650.0,2.7022032737731934
1.588614,343.0,2542.75,1.3367386758327484,4767.5,4.6819943487644196,6.424507,0.028575348,0.049975187,2614.0,2.721512794494629,0.0240305,0.048299134,0.030343365,0.04956815,2650.0,2.6942596435546875
1.263505,344.0,2539.0,1.3508311808109283,4749.5,4.730734020471573,6.075998,0.029002564,0.050400544,2620.0,2.789463996887207,0.023055088,0.048494305,0.030487608,0.05011235,2650.0,2.70495343208313
1.1869092,345.0,2544.25,1.3698727786540985,4769.75,4.742291808128357,6.8303137,0.032687757,0.05069215,2614.0,3.0221176147460938,0.023519032,0.048579223,0.03465247,0.050392047,2656.0,2.6652684211730957
1.4147892,346.0,2542.75,1.382921576499939,4778.75,4.855766206979752,7.9036207,0.03065561,0.048897143,2620.0,3.1999757289886475,0.025303226,0.047992937,0.032101937,0.04845521,2650.0,5.33941650390625
1.6688014,347.0,2542.0,1.4142757058143616,4772.0,5.321309417486191,7.1223574,0.029335763,0.0499294,2620.0,2.7201473712921143,0.023905521,0.047988035,0.029987477,0.04946378,2662.0,3.1518311500549316
1.4059803,348.0,2547.25,1.3783653378486633,4751.75,4.912469983100891,5.749185,0.03172718,0.05008278,2614.0,3.217059373855591,0.023611307,0.048613444,0.03345779,0.049778596,2644.0,2.7144386768341064
1.4758768,349.0,2537.5,1.4681948125362396,4769.0,5.105019301176071,6.1771774,0.029491505,0.049515262,2620.0,2.8198037147521973,0.0242154,0.04770669,0.031081064,0.049042203,2650.0,2.7472729682922363
1.3543956,350.0,2535.25,1.3434154391288757,4764.5,4.929810523986816,6.131679,0.029814988,0.049942814,2608.0,2.7167413234710693,0.022875275,0.04789851,0.03137929,0.04969903,2644.0,3.0926718711853027
0.98444927,351.0,2544.25,1.3621599972248077,4760.0,4.855062335729599,6.6769485,0.029894324,0.049780115,2602.0,3.0408573150634766,0.022843461,0.048194494,0.031937428,0.04939186,2650.0,2.8386576175689697
1.3213978,352.0,2545.75,1.4058610200881958,4757.0,4.881486386060715,7.267604,0.028465603,0.04945241,2602.0,3.0177834033966064,0.023048108,0.047605984,0.03032235,0.04899253,2656.0,2.8642232418060303
2.131633,353.0,2543.5,1.4567395746707916,4778.0,5.296946316957474,8.446396,0.03278933,0.049686797,2620.0,2.9341177940368652,0.024057187,0.047757663,0.03360796,0.049201958,2644.0,3.0304408073425293
1.6713084,354.0,2535.25,1.419159173965454,4768.25,5.227111726999283,8.324312,0.03137616,0.048376888,2608.0,2.8344228267669678,0.024395362,0.04793556,0.03217866,0.048169218,2644.0,2.875638723373413
2.0554004,355.0,2540.5,1.350870966911316,4757.0,4.80930569767952,6.7965574,0.028635494,0.04897659,2608.0,2.8452935218811035,0.022888854,0.047137357,0.030311909,0.048627622,2644.0,2.7804317474365234
1.687537,356.0,2540.5,1.4066862761974335,4763.75,5.066604167222977,7.7830415,0.03128461,0.0505229,2608.0,2.6868672370910645,0.023115538,0.04777617,0.032972805,0.050132502,2656.0,3.0237157344818115
2.2242754,357.0,2539.0,1.3565172851085663,4753.25,4.949046343564987,8.821919,0.029775146,0.048403367,2602.0,2.8100576400756836,0.023664888,0.047670413,0.030544456,0.048130013,2650.0,2.850184202194214
1.3976505,358.0,2538.25,1.377546489238739,4757.75,4.7987165451049805,6.0682106,0.028515005,0.04917294,2614.0,2.7462077140808105,0.02189364,0.04741843,0.029982746,0.04877676,2644.0,2.789715051651001
0.98834634,359.0,2540.5,1.4345782697200775,4771.25,5.044429630041122,5.7738285,0.029683182,0.04871437,2608.0,2.6402077674865723,0.022186074,0.047944102,0.031223822,0.04854639,2650.0,2.6947333812713623
1.2074649,360.0,2539.75,1.388858586549759,4762.25,4.857371479272842,6.295675,0.029032547,0.04907088,2626.0,2.9399235248565674,0.022167435,0.04670896,0.030412074,0.048764363,2650.0,3.2093088626861572
1.2933201,361.0,2536.75,1.5078738331794739,4758.5,5.311700373888016,6.295245,0.027838193,0.048409924,2626.0,2.8584280014038086,0.022023361,0.047117993,0.02985724,0.048177965,2650.0,2.82344126701355
1.5569541,362.0,2539.75,1.338916689157486,4754.75,4.692746341228485,6.8584185,0.029914973,0.049070783,2608.0,3.2982559204101562,0.022312073,0.04716457,0.031018417,0.04887542,2650.0,3.0611448287963867
1.447524,363.0,2533.75,1.3981224298477173,4745.0,4.921365141868591,6.263287,0.028030444,0.048168436,2632.0,2.8953142166137695,0.022661932,0.047213748,0.029467184,0.047811076,2656.0,2.9134950637817383
1.2071106,364.0,2536.75,1.344339519739151,4726.25,4.8380866050720215,5.6380606,0.027406804,0.048271056,2602.0,2.822277069091797,0.021325096,0.047048792,0.029032532,0.047935173,2656.0,2.8862810134887695
1.1247108,365.0,2531.5,1.360058218240738,4751.0,4.860505014657974,5.444914,0.031085076,0.04911896,2620.0,2.706493616104126,0.021656662,0.046590295,0.032093972,0.048980527,2650.0,2.8016364574432373
1.0620925,366.0,2535.25,1.3456971049308777,4767.5,4.784729510545731,7.177318,0.028361516,0.047526833,2608.0,2.7295801639556885,0.022746172,0.04678329,0.030506432,0.047151413,2656.0,2.7948310375213623
1.2963905,367.0,2536.0,1.3552378416061401,4768.25,4.851312547922134,6.6012855,0.029396603,0.04912038,2614.0,2.735919952392578,0.021801868,0.04670709,0.03082724,0.048883796,2656.0,2.6934640407562256
1.4433954,368.0,2539.0,1.3308071494102478,4761.5,4.763453930616379,6.633189,0.027709708,0.047839154,2608.0,2.772411584854126,0.022682685,0.046985842,0.029117724,0.04751644,2662.0,2.8544301986694336
1.6869547,369.0,2537.5,1.3586822748184204,4756.25,4.836272209882736,6.580639,0.029141042,0.04791501,2626.0,2.6635494232177734,0.021585913,0.046354007,0.029966265,0.047567684,2656.0,2.759550094604492
1.2140923,370.0,2533.75,1.330657571554184,4760.0,4.720914214849472,6.0242004,0.028640557,0.048158735,2602.0,2.883118152618408,0.022490736,0.046506446,0.029799009,0.047976144,2650.0,3.1231634616851807
1.1223806,371.0,2537.5,1.3906784355640411,4766.75,5.128541946411133,5.8640537,0.028409913,0.046389338,2608.0,2.746419906616211,0.02179744,0.046037115,0.030168636,0.046152063,2656.0,2.7347373962402344
1.5644543,372.0,2538.25,1.3955203890800476,4741.25,4.8894316256046295,5.6465907,0.028870074,0.04841865,2632.0,2.74346923828125,0.021229919,0.04613185,0.03061433,0.04809536,2650.0,2.7577004432678223
1.3871783,373.0,2537.5,1.35225448012352,4750.25,4.792885452508926,6.3988833,0.029024344,0.047666296,2620.0,2.9156711101531982,0.021945972,0.04635208,0.030532071,0.047471978,2656.0,2.7860753536224365
1.5151709,374.0,2530.0,1.4087050259113312,4771.25,5.024810045957565,6.6015544,0.029052937,0.047813892,2608.0,2.7411022186279297,0.021443523,0.045899287,0.030624928,0.047535583,2662.0,2.621997356414795
1.2731025,375.0,2532.25,1.3146992027759552,4763.75,4.706637591123581,6.3381042,0.02833436,0.04790162,2620.0,3.130859136581421,0.021371424,0.045969933,0.029906558,0.04758949,2656.0,3.060551404953003
1.0883778,376.0,2534.5,1.3518895506858826,4767.5,4.831186145544052,6.193054,0.02859845,0.047811955,2614.0,3.0708420276641846,0.021099482,0.046061415,0.030577485,0.047636785,2656.0,2.840472459793091
1.2404274,377.0,2536.75,1.3486931920051575,4772.0,4.780020922422409,6.123764,0.028366964,0.047606945,2602.0,2.8404147624969482,0.02107206,0.046047315,0.029799819,0.047226895,2650.0,2.6996350288391113
1.2819165,378.0,2533.0,1.3532114923000336,4754.0,4.8316914439201355,6.130954,0.027937561,0.04726875,2620.0,2.6291563510894775,0.021068145,0.045790575,0.029749336,0.047063928,2650.0,2.6422054767608643
1.2554282,379.0,2533.75,1.418197751045227,4752.5,4.980294048786163,6.065735,0.028175069,0.047734108,2614.0,2.6207146644592285,0.02064832,0.04582315,0.029735086,0.04749091,2644.0,2.661818027496338
1.2406164,380.0,2539.75,1.3695212006568909,4757.0,4.9447334706783295,6.2648787,0.02797413,0.047404725,2614.0,2.6960644721984863,0.020882213,0.04590185,0.029696032,0.047138415,2656.0,2.745418071746826
1.0661182,381.0,2527.75,1.3257090151309967,4769.75,4.7073818147182465,6.2814484,0.028349182,0.047381304,2608.0,2.7088377475738525,0.020821352,0.045741282,0.030021232,0.04703407,2650.0,2.7018539905548096
1.2827847,382.0,2528.5,1.3724573254585266,4748.0,4.726455450057983,6.363662,0.027807675,0.047395773,2608.0,2.849972724914551,0.020949587,0.045712247,0.029456751,0.047121007,2644.0,2.8416085243225098
1.2179849,383.0,2533.0,1.4134502708911896,4760.0,4.967997282743454,6.011868,0.028161831,0.047445305,2620.0,3.0533385276794434,0.020507213,0.04550636,0.029782083,0.047153436,2650.0,2.845114231109619
1.1158133,384.0,2533.75,1.3621656894683838,4759.25,4.854448586702347,6.466308,0.028306266,0.046815388,2614.0,3.0523626804351807,0.020779964,0.04553145,0.029964708,0.04656118,2644.0,2.7826192378997803
1.1583762,385.0,2536.75,1.3550122678279877,4790.0,4.824108004570007,6.642132,0.0283829,0.047314085,2614.0,2.8719799518585205,0.02088172,0.045464274,0.030162016,0.04709878,2656.0,2.804490566253662
1.4051335,386.0,2535.25,1.3670629560947418,4776.5,4.8865057826042175,7.210902,0.027012078,0.04641468,2608.0,2.84332537651062,0.021344757,0.0455546,0.0285509,0.046047613,2650.0,2.699648857116699
1.7253692,387.0,2531.5,1.3474196791648865,4757.0,4.882635474205017,7.049906,0.028045222,0.04666814,2614.0,2.9833779335021973,0.021158472,0.04499454,0.028856007,0.04646887,2650.0,2.7987425327301025
1.7720859,388.0,2536.75,1.3917901813983917,4756.25,4.974612295627594,6.619161,0.029061453,0.045937896,2620.0,2.833864212036133,0.021222472,0.04501662,0.0291732,0.045775928,2656.0,2.7506103515625
1.003027,389.0,2525.5,1.405255764722824,4748.75,5.099983632564545,5.71465,0.027066503,0.046408437,2620.0,2.8188235759735107,0.020626772,0.044705644,0.028697167,0.046160765,2656.0,2.796354055404663
1.1574736,390.0,2527.75,1.4402433335781097,4739.75,5.100482523441315,5.365718,0.027718488,0.046634525,2602.0,2.8341543674468994,0.020341184,0.045118906,0.029591732,0.04629556,2650.0,2.9123644828796387
1.1845303,391.0,2538.25,1.3390271067619324,4773.5,4.775680810213089,6.180976,0.028783124,0.046032846,2596.0,3.1386895179748535,0.020828193,0.04477723,0.030364461,0.046020694,2644.0,2.8561646938323975
1.100279,392.0,2535.25,1.3923706710338593,4796.75,4.895455569028854,7.220866,0.027138066,0.045423955,2614.0,2.769282102584839,0.021054503,0.04476724,0.028557211,0.045179646,2656.0,2.734320878982544
1.5393147,393.0,2532.25,1.3505300283432007,4748.75,4.722422003746033,6.744956,0.028118165,0.046093,2614.0,2.7471814155578613,0.02134482,0.044280913,0.02906071,0.045830425,2656.0,2.8619916439056396
1.8590835,394.0,2536.75,1.3342154026031494,4768.25,4.702032208442688,7.216338,0.028579183,0.044846147,2620.0,2.900740623474121,0.02170264,0.044015788,0.029482896,0.044730324,2650.0,2.877005100250244
1.2686269,395.0,2534.5,1.3435718715190887,4778.0,4.817016065120697,5.785282,0.026932627,0.045621637,2620.0,2.776707172393799,0.020856868,0.043980576,0.028208135,0.045392532,2644.0,2.8151772022247314
1.2078471,396.0,2533.75,1.3937543630599976,4781.0,4.986111640930176,6.0111833,0.026306074,0.045071974,2614.0,2.7778258323669434,0.020315573,0.04485572,0.028001405,0.044906534,2644.0,3.1132893562316895
1.1984338,397.0,2533.75,1.3537136912345886,4784.0,4.898971617221832,6.1961493,0.028995577,0.045148153,2608.0,2.830770969390869,0.020592904,0.043944098,0.02973864,0.04502166,2650.0,2.783055067062378
0.84383523,398.0,2536.0,1.3386050164699554,4770.5,4.793793648481369,6.099307,0.027672406,0.04521416,2614.0,2.5642945766448975,0.020617548,0.043654807,0.028804068,0.04502985,2650.0,2.6911723613739014
1.0150783,399.0,2538.25,1.3893182277679443,4777.25,4.862946718931198,6.0804577,0.026698355,0.045747478,2614.0,2.7130348682403564,0.020077655,0.043907255,0.028767455,0.045498647,2650.0,2.832855701446533
1.7807633,400.0,2529.25,1.3479467332363129,4744.25,4.811192363500595,6.6251726,0.027013905,0.045545034,2602.0,2.736671209335327,0.020495776,0.044323158,0.028576475,0.045273997,2650.0,2.806394100189209
1.9750805,401.0,2531.5,1.3562475740909576,4775.0,4.900120884180069,7.183689,0.027695425,0.04426772,2620.0,3.089050769805908,0.021133792,0.04386825,0.028726488,0.044043683,2650.0,2.8546504974365234
1.1938616,402.0,2533.0,1.5272666811943054,4731.5,5.281835913658142,5.750069,0.02638626,0.04475908,2608.0,2.806039810180664,0.01984534,0.043316953,0.027677793,0.044469737,2662.0,3.290902853012085
1.4178686,403.0,2533.75,1.363948792219162,4739.75,4.85997873544693,5.8862305,0.026935255,0.044700004,2602.0,2.801527976989746,0.020237016,0.04364591,0.028373826,0.044458956,2650.0,2.826937198638916
1.3252242,404.0,2530.75,1.3672100603580475,4757.0,4.877500742673874,6.2048917,0.028346498,0.043845024,2602.0,2.8608038425445557,0.020525202,0.04298106,0.029409725,0.043742277,2644.0,2.895066022872925
1.2201982,405.0,2536.0,1.355178326368332,4736.75,4.74953156709671,5.948904,0.026970819,0.045746684,2614.0,2.7064313888549805,0.02004019,0.04330852,0.028335925,0.045374766,2644.0,2.7080583572387695
1.2318156,406.0,2528.5,1.339956283569336,4745.75,4.7310691475868225,6.156521,0.02716388,0.04467436,2608.0,2.686033248901367,0.020297904,0.043878846,0.028949253,0.044563226,2650.0,2.708827018737793
1.2636696,407.0,2528.5,1.3683782815933228,4740.5,4.896339118480682,6.8648415,0.027235541,0.04435966,2608.0,2.607476234436035,0.01993892,0.04324817,0.028807277,0.04416225,2644.0,2.6573216915130615
1.5264971,408.0,2529.25,1.360282838344574,4749.5,4.904999524354935,7.041315,0.027200881,0.043875158,2602.0,2.568579912185669,0.020498265,0.043038532,0.028377196,0.04362572,2644.0,2.632859468460083
2.0448298,409.0,2533.0,1.3681840300559998,4772.0,4.934719800949097,7.1702375,0.028980583,0.044159666,2596.0,2.798769950866699,0.020894824,0.042796686,0.029288203,0.044010006,2650.0,2.7508583068847656
1.0589256,410.0,2530.0,1.3247781097888947,4746.5,4.728833466768265,5.594356,0.026888913,0.043906428,2620.0,2.853389263153076,0.020083815,0.04267956,0.028126016,0.043674782,2650.0,2.818514585494995
1.2122371,411.0,2532.25,1.3691605031490326,4736.75,4.875429302453995,5.2935686,0.026304424,0.044333268,2608.0,2.809779405593872,0.01954259,0.04286221,0.027982641,0.04413085,2650.0,2.850893020629883
1.2219353,412.0,2527.0,1.3372114300727844,4771.25,4.802680611610413,5.510358,0.027779981,0.04367049,2614.0,2.832751512527466,0.019808562,0.04268223,0.029024614,0.043519393,2650.0,2.829209804534912
1.0360489,413.0,2533.75,1.3736922442913055,4755.5,4.947700589895248,5.5595655,0.026959423,0.043657035,2596.0,2.7699341773986816,0.020032195,0.042614415,0.028303254,0.043590575,2644.0,2.6370489597320557
1.0168599,414.0,2532.25,1.4046941101551056,4777.25,4.987339675426483,6.006233,0.028188817,0.042997144,2602.0,2.852820873260498,0.020110374,0.042574607,0.028824694,0.042897895,2656.0,2.8252766132354736
2.0444942,415.0,2530.0,1.4388166069984436,4749.5,5.196792423725128,7.6685877,0.027720274,0.04375643,2602.0,2.5730066299438477,0.020390641,0.042531144,0.029304659,0.043744773,2656.0,2.695314645767212
1.7463638,416.0,2528.5,1.3981873393058777,4735.25,4.970270425081253,6.798883,0.028022304,0.04356768,2596.0,3.0551137924194336,0.019693933,0.041764207,0.02904274,0.04335819,2650.0,2.8921360969543457
1.48648,417.0,2526.25,1.362204134464264,4775.75,4.880174219608307,7.3066,0.027352579,0.042986277,2608.0,2.74249005317688,0.020147718,0.042311747,0.028431684,0.04298419,2656.0,2.759308338165283
1.3462806,418.0,2527.0,1.3538250625133514,4759.25,4.885954141616821,6.4997416,0.026443329,0.04345201,2608.0,2.6851747035980225,0.02015226,0.04249911,0.027596807,0.043159954,2656.0,2.765974760055542
1.4798944,419.0,2529.25,1.3778885900974274,4743.5,4.967641770839691,6.391638,0.026565636,0.043291196,2608.0,2.6851859092712402,0.020038072,0.0421985,0.027767716,0.043098822,2656.0,2.7420060634613037
1.8252081,420.0,2528.5,1.3735829889774323,4738.25,4.9454361498355865,6.218958,0.027795276,0.042912275,2620.0,2.7376911640167236,0.0197388,0.041580413,0.028695557,0.04278279,2650.0,2.910957098007202
1.032177,421.0,2530.75,1.40404412150383,4748.0,5.0158582627773285,5.5450068,0.02624908,0.04275418,2602.0,2.8590807914733887,0.01960107,0.041823357,0.027485318,0.042585023,2656.0,3.023787498474121
0.9843799,422.0,2527.75,1.4102121591567993,4753.25,4.9143385887146,5.3615785,0.02630224,0.04366206,2608.0,2.9186620712280273,0.019443143,0.042000625,0.027912887,0.043553554,2656.0,3.007831573486328
0.82250786,423.0,2524.75,1.3339989483356476,4766.75,4.71954607963562,5.3828287,0.027172677,0.0431721,2590.0,2.8551511764526367,0.01935244,0.0421829,0.027945291,0.04308235,2650.0,2.75799298286438
1.6541159,424.0,2531.5,1.337086170911789,4763.75,4.69256055355072,6.4326015,0.027009765,0.04249584,2590.0,2.660449266433716,0.019665677,0.0420722,0.028726937,0.04244876,2650.0,2.712146282196045
1.5059025,425.0,2519.5,1.363845318555832,4751.75,4.91636335849762,6.5152454,0.026869979,0.04250662,2590.0,2.979902505874634,0.019618569,0.041455407,0.02837447,0.042318564,2650.0,2.816113233566284
1.4510295,426.0,2531.5,1.3875774145126343,4763.75,4.891024678945541,6.5935555,0.026771251,0.04305961,2590.0,2.670487880706787,0.019229863,0.04155023,0.028215181,0.04295323,2656.0,2.7310049533843994
1.2784171,427.0,2528.5,1.3205698132514954,4754.0,4.666877388954163,6.1154556,0.02781729,0.043419756,2608.0,2.8513894081115723,0.01910321,0.041419525,0.029125359,0.043221973,2644.0,2.796632766723633
1.1673794,428.0,2528.5,1.3711917996406555,4779.5,4.933327466249466,7.076172,0.02665989,0.04232672,2614.0,2.5830514430999756,0.019655619,0.041706942,0.028313972,0.042173836,2656.0,2.599994659423828
1.2365222,429.0,2529.25,1.3337381482124329,4758.5,4.752938210964203,6.8685775,0.02705444,0.042937428,2608.0,2.8596999645233154,0.019552372,0.041722074,0.02860941,0.042789213,2650.0,2.793358564376831
1.5183182,430.0,2525.5,1.5553648173809052,4768.25,5.720711916685104,7.2485747,0.026050668,0.042115472,2608.0,2.954312801361084,0.020240022,0.0414448,0.027347865,0.041939765,2650.0,3.013896942138672
1.8167797,431.0,2525.5,1.36476930975914,4776.5,4.941943734884262,7.728834,0.029498063,0.042491473,2608.0,2.9294168949127197,0.020069763,0.041013613,0.030140521,0.042283855,2644.0,2.7431888580322266
1.2826586,432.0,2524.0,1.484460860490799,4771.25,5.235239505767822,6.651252,0.027722694,0.042539753,2608.0,3.0455305576324463,0.01980613,0.041055787,0.028802741,0.042390395,2644.0,2.928065299987793
1.2704005,433.0,2533.0,1.4226596355438232,4767.5,5.178476691246033,5.944469,0.02712916,0.042151622,2608.0,2.6499361991882324,0.018956747,0.041236043,0.028290784,0.04200419,2650.0,2.6749794483184814
1.4960312,434.0,2527.75,1.3909657299518585,4754.0,4.961201637983322,6.5127845,0.027742917,0.042382605,2590.0,2.7244789600372314,0.019209184,0.041476056,0.028249402,0.04222978,2656.0,2.892683982849121
2.3915472,435.0,2521.75,1.3467218577861786,4775.0,4.882956951856613,8.521994,0.02667474,0.042692572,2608.0,3.100181818008423,0.019984834,0.041621752,0.028286878,0.04248344,2656.0,3.1689205169677734
1.8782842,436.0,2530.75,1.444548338651657,4775.75,5.390785127878189,8.067971,0.0270681,0.042457797,2614.0,2.5827460289001465,0.020209778,0.040865086,0.028288674,0.042295925,2650.0,2.7476730346679688
2.1689858,437.0,2523.25,1.336828500032425,4766.0,4.80001437664032,8.454031,0.026752144,0.041704588,2608.0,2.8162779808044434,0.01982671,0.041210458,0.027531568,0.041595515,2650.0,2.8227932453155518
1.5148747,438.0,2524.75,1.3699840903282166,4760.75,4.8900399804115295,6.3652115,0.026903866,0.04174064,2602.0,2.6862375736236572,0.019374799,0.040886726,0.027801348,0.041638203,2656.0,2.7591001987457275
1.1450615,439.0,2529.25,1.3345911502838135,4773.5,4.838132053613663,5.796611,0.026278235,0.041483674,2614.0,2.911586284637451,0.019121937,0.0411395,0.027593171,0.041421734,2644.0,2.898709297180176
1.0272624,440.0,2523.25,1.40243861079216,4755.5,5.024265289306641,5.097328,0.02738988,0.042271964,2596.0,3.0288639068603516,0.01882332,0.040106848,0.028656926,0.04204391,2650.0,3.145533800125122
0.97934204,441.0,2527.75,1.356837511062622,4781.0,4.931624382734299,5.652674,0.027002862,0.041261062,2596.0,2.7748122215270996,0.019400332,0.04073585,0.0281188,0.04120845,2656.0,2.8221845626831055
1.2010887,442.0,2521.75,1.3684137165546417,4777.25,4.930116444826126,6.230354,0.02719565,0.04197046,2602.0,2.7070932388305664,0.019587772,0.040477782,0.027912498,0.04181277,2650.0,2.866981267929077
1.4156277,443.0,2523.25,1.3730549216270447,4778.0,5.030314117670059,7.0570216,0.02648261,0.04173349,2602.0,2.8104209899902344,0.019718053,0.040928304,0.028037209,0.04160455,2650.0,2.825301170349121
1.3890387,444.0,2518.75,1.3140648901462555,4760.75,4.710494250059128,7.0177984,0.027211191,0.041671723,2608.0,2.7128751277923584,0.01930631,0.04038732,0.028643396,0.041521713,2650.0,2.723282814025879
1.1949081,445.0,2524.75,1.370000183582306,4761.5,4.930270403623581,6.508914,0.025873967,0.04129329,2602.0,2.7827982902526855,0.019444617,0.040404826,0.027347345,0.041113287,2656.0,2.7529101371765137
1.4300356,446.0,2526.25,1.3581036627292633,4761.5,4.863022536039352,6.521112,0.02651189,0.04139593,2608.0,3.0817582607269287,0.019094978,0.040275753,0.027585939,0.04123909,2644.0,3.047180652618408
1.8947172,447.0,2522.5,1.3482720255851746,4766.75,4.85408353805542,6.629629,0.026757823,0.04137066,2608.0,2.8030600547790527,0.01911879,0.0402064,0.027269762,0.041253377,2650.0,2.7560811042785645
1.4148152,448.0,2527.75,1.5176133215427399,4771.25,5.396200716495514,6.0015926,0.025707096,0.040969104,2608.0,3.1085712909698486,0.018667338,0.04011406,0.027029037,0.04082015,2644.0,2.9753012657165527
1.0961227,449.0,2522.5,1.4122022092342377,4742.75,5.0463739931583405,5.275738,0.02560239,0.041625507,2608.0,2.745673894882202,0.018325493,0.04009518,0.027397675,0.04134602,2644.0,2.761338472366333
0.9665855,450.0,2524.75,1.3332639634609222,4762.25,4.772560626268387,5.834101,0.026821824,0.040665165,2608.0,2.687579870223999,0.018702803,0.04039182,0.027893368,0.04060533,2644.0,2.7365944385528564
1.1009204,451.0,2530.0,1.3253841698169708,4796.0,4.7606284618377686,6.1196733,0.026279643,0.040260546,2584.0,2.684927225112915,0.018857628,0.039840136,0.027215384,0.040187724,2650.0,2.7072155475616455
1.3670176,452.0,2523.25,1.331035852432251,4737.5,4.694705009460449,6.6759157,0.027424539,0.04092753,2608.0,2.724238872528076,0.01898522,0.039698474,0.028529646,0.04089521,2644.0,2.7315194606781006
1.5552499,453.0,2524.0,1.3513770401477814,4763.75,4.855014234781265,7.329674,0.026015535,0.04099101,2614.0,2.796642780303955,0.01916692,0.03970905,0.027990526,0.040788077,2650.0,2.6767985820770264
2.0793333,454.0,2523.25,1.3703601360321045,4753.25,4.9798228442668915,6.8837533,0.025652057,0.040858768,2602.0,2.82208251953125,0.018690525,0.039527856,0.02698941,0.04068988,2644.0,2.766420364379883
2.0471811,455.0,2525.5,1.3290379643440247,4789.25,4.8109301924705505,7.0686417,0.026201034,0.040416285,2614.0,2.9547221660614014,0.019492313,0.04009655,0.027354062,0.040284924,2650.0,2.8483669757843018
1.1748688,456.0,2523.25,1.3640324473381042,4739.75,4.828152149915695,5.709792,0.0252252,0.04008992,2608.0,3.0573949813842773,0.018409837,0.0395265,0.026631325,0.03990972,2650.0,3.0027291774749756
1.379065,457.0,2528.5,1.4026284515857697,4768.25,5.068427622318268,5.755686,0.025695767,0.0408276,2608.0,3.025459051132202,0.018409723,0.03926514,0.02734392,0.04063376,2644.0,2.8568291664123535
1.6968486,458.0,2523.25,1.3518102765083313,4763.75,4.832568109035492,6.177602,0.026359363,0.040077128,2614.0,2.8606324195861816,0.01862026,0.039270222,0.027328916,0.04000202,2644.0,2.609833002090454
1.1422434,459.0,2523.25,1.3294063210487366,4740.5,4.75123605132103,5.628703,0.025969762,0.040819004,2602.0,2.7831645011901855,0.01836422,0.039454125,0.027074676,0.04061477,2656.0,2.8582639694213867
1.321384,460.0,2518.75,1.3437491953372955,4773.5,4.860089898109436,5.5057163,0.025267359,0.04025516,2602.0,2.8135836124420166,0.01841428,0.039579004,0.0269185,0.0400907,2644.0,2.827538013458252
1.1532979,461.0,2523.25,1.338934063911438,4775.0,4.811596035957336,6.079319,0.02568284,0.04094445,2608.0,2.9108150005340576,0.01814262,0.03964373,0.027333016,0.04069749,2644.0,2.8439598083496094
1.3561616,462.0,2521.0,1.320097655057907,4762.25,4.694471299648285,7.0246363,0.026857864,0.03977418,2596.0,2.8953635692596436,0.01867117,0.039294943,0.028287422,0.039756782,2650.0,2.800523519515991
1.3184907,463.0,2523.25,1.3457452356815338,4751.0,4.863740801811218,6.6660514,0.025842682,0.040482428,2602.0,2.7184596061706543,0.018441554,0.038878296,0.027763283,0.040246874,2644.0,2.79457950592041
1.8586462,464.0,2521.0,1.32352676987648,4776.5,4.7795120775699615,7.122036,0.0251127,0.040509142,2602.0,2.715548515319824,0.018773006,0.039516546,0.027048403,0.040217504,2656.0,2.701416492462158
2.3349352,465.0,2524.0,1.3419157564640045,4812.5,4.88457265496254,7.4989896,0.027388189,0.03986562,2620.0,2.682123899459839,0.019900924,0.03924457,0.027964544,0.039694004,2650.0,2.725024461746216
1.0415037,466.0,2526.25,1.3532577753067017,4785.5,4.8303888738155365,5.338345,0.02520176,0.040084273,2614.0,2.6843554973602295,0.018373977,0.038854264,0.026845707,0.039775603,2650.0,2.7042934894561768
1.1224685,467.0,2524.0,1.3578636944293976,4769.0,4.865007907152176,5.317432,0.024896767,0.040081136,2590.0,2.7917659282684326,0.017853614,0.03901785,0.026849702,0.039855592,2662.0,2.8027591705322266
1.372322,468.0,2521.0,1.3557077646255493,4771.25,4.896686375141144,5.738338,0.02654341,0.039854802,2602.0,2.635089159011841,0.01810905,0.038745712,0.027616393,0.03970644,2650.0,2.754634380340576
1.01985,469.0,2522.5,1.3220504522323608,4774.25,4.783657610416412,6.121757,0.026801731,0.038929112,2590.0,2.7528281211853027,0.0186265,0.038796857,0.028014224,0.038844652,2650.0,2.739884853363037
1.6171432,470.0,2517.25,1.3630648255348206,4768.25,4.899730741977692,6.689364,0.025003184,0.039462317,2608.0,2.936645984649658,0.01851048,0.03850226,0.02695655,0.039188217,2644.0,2.8286874294281006
1.7516147,471.0,2522.5,1.3565523326396942,4790.0,4.872908979654312,6.4397182,0.027122745,0.040509492,2608.0,2.9554460048675537,0.017977279,0.038347512,0.028982837,0.040261615,2644.0,2.8687641620635986
2.1818585,472.0,2521.75,1.4750584065914154,4764.5,5.2691687643527985,7.862939,0.026581563,0.039050557,2602.0,2.687101125717163,0.018741293,0.038744733,0.02743861,0.038988665,2644.0,2.674001455307007
1.220046,473.0,2517.25,1.3773112297058105,4782.5,5.035304516553879,6.70729,0.02539316,0.039283976,2602.0,2.7212791442871094,0.018756688,0.038629387,0.026817117,0.039018445,2644.0,2.9865705966949463
1.0084412,474.0,2519.5,1.3225098848342896,4776.5,4.742828667163849,6.306926,0.025361286,0.039715026,2590.0,2.779235601425171,0.018318737,0.03846685,0.026885426,0.039475087,2644.0,2.818812608718872
1.1967899,475.0,2519.5,1.350832462310791,4745.75,4.918016135692596,5.9560776,0.025833031,0.03963352,2608.0,2.675755500793457,0.017805867,0.03824591,0.027206162,0.03948085,2644.0,2.663386583328247
1.2421546,476.0,2521.0,1.3579804301261902,4772.75,4.949445962905884,6.0976124,0.025461,0.039732493,2602.0,2.698868989944458,0.017842542,0.038442314,0.026921391,0.039514728,2656.0,2.9353387355804443
1.3243593,477.0,2524.75,1.3291752934455872,4793.0,4.858304679393768,6.1417084,0.025128387,0.039557584,2602.0,3.1502134799957275,0.017967593,0.038797453,0.026596189,0.03936162,2644.0,2.8844120502471924
1.0397502,478.0,2520.25,1.3661754727363586,4787.75,4.932963103055954,6.233304,0.02537434,0.039171677,2614.0,2.6851277351379395,0.017870104,0.038518295,0.026908657,0.03901578,2650.0,2.998988389968872
1.1756824,479.0,2520.25,1.3414739668369293,4776.5,4.807119220495224,6.398896,0.025017206,0.039890185,2602.0,2.7964656352996826,0.0178982,0.038477514,0.026945239,0.03962467,2644.0,2.7559471130371094
1.6974487,480.0,2520.25,1.366309493780136,4768.25,4.91675728559494,6.9984016,0.024513721,0.039313048,2608.0,2.584862470626831,0.018113662,0.03825736,0.02661116,0.03911282,2644.0,2.740591287612915
2.2262762,481.0,2518.75,1.3555108308792114,4789.25,4.8542415499687195,8.1661215,0.028899945,0.038965322,2596.0,2.7735190391540527,0.019691251,0.038341,0.029383788,0.03878537,2662.0,2.903804063796997
1.2373128,482.0,2521.0,1.3669317364692688,4771.25,4.934214860200882,6.7374287,0.02766256,0.039244898,2596.0,2.678178548812866,0.019027036,0.037928596,0.029386966,0.038976025,2644.0,2.744983434677124
1.540379,483.0,2518.75,1.367537647485733,4768.25,5.008625835180283,6.6783237,0.026698258,0.039286517,2602.0,2.6981592178344727,0.018216265,0.0381461,0.027763154,0.038961634,2644.0,2.7734320163726807
2.2611866,484.0,2512.0,1.335732787847519,4788.5,4.931244313716888,8.010634,0.02544345,0.038869176,2596.0,2.8520073890686035,0.018791635,0.038268104,0.026731076,0.03863457,2650.0,2.758680820465088
1.633672,485.0,2518.0,1.3439019322395325,4771.25,4.8908825516700745,7.785473,0.02641667,0.039753534,2602.0,2.821632146835327,0.0188138,0.03788813,0.028059008,0.039456215,2650.0,2.8811676502227783
2.0285006,486.0,2521.75,1.3858439028263092,4785.5,5.107505232095718,8.2190695,0.024962798,0.038847834,2602.0,2.802992582321167,0.01880489,0.03815697,0.026869865,0.038625166,2650.0,2.829521417617798
1.9993566,487.0,2521.75,1.3573897182941437,4779.5,4.933997213840485,7.917143,0.026718602,0.03850395,2596.0,3.2521939277648926,0.019039154,0.038008027,0.027778199,0.038286306,2644.0,2.868664026260376
1.0896642,488.0,2518.0,1.3858453929424286,4781.75,4.950449466705322,5.51863,0.025430305,0.039025184,2608.0,2.7802343368530273,0.017614733,0.0378936,0.02671764,0.03884965,2650.0,2.7897353172302246
1.087146,489.0,2517.25,1.3484877943992615,4781.0,4.876317322254181,5.0596714,0.025078699,0.039281644,2596.0,2.7424330711364746,0.017068727,0.037781633,0.026899422,0.03914819,2644.0,2.8366215229034424
1.362982,490.0,2516.5,1.3473150134086609,4776.5,4.911269634962082,5.6260204,0.025763344,0.038892843,2602.0,2.860485076904297,0.017580742,0.037714653,0.027300624,0.038684964,2650.0,2.8527462482452393
1.4578781,491.0,2521.0,1.3173182308673859,4784.75,4.738824725151062,5.861006,0.025954101,0.038502555,2596.0,2.931720495223999,0.017774988,0.037585847,0.02706303,0.03827911,2644.0,2.844961166381836
1.3029348,492.0,2512.0,1.335572510957718,4781.75,4.886519432067871,5.810872,0.024583075,0.03870826,2596.0,2.7485997676849365,0.018325372,0.037596025,0.025931887,0.038502086,2656.0,2.7522008419036865
1.0707589,493.0,2521.0,1.3420294225215912,4777.25,4.944431930780411,5.9177074,0.026715402,0.03947044,2602.0,2.7541158199310303,0.018042043,0.038016286,0.0274283,0.039140824,2644.0,2.7927989959716797
1.667211,494.0,2516.5,1.3346231281757355,4778.75,4.860077530145645,7.2644215,0.025411934,0.03804888,2608.0,2.68031644821167,0.018473238,0.038098857,0.027352104,0.037856854,2656.0,2.7283682823181152
1.9254851,495.0,2509.75,1.4688343703746796,4778.0,5.296334207057953,6.727168,0.025996283,0.038781554,2596.0,2.9473354816436768,0.017945383,0.03704183,0.027932918,0.03852305,2644.0,2.9449310302734375
2.5745604,496.0,2514.25,1.3205700516700745,4776.5,4.797313839197159,8.2068,0.025498413,0.038108945,2602.0,2.659095525741577,0.018333118,0.037403274,0.026193947,0.037999958,2650.0,2.670163869857788
1.7499878,497.0,2514.25,1.3267009854316711,4774.25,4.763050436973572,6.366531,0.025610857,0.038585298,2596.0,2.6740810871124268,0.017367378,0.037615154,0.026370667,0.03839132,2644.0,2.7025184631347656
1.3352418,498.0,2521.0,1.344178467988968,4787.0,4.852255612611771,5.9699965,0.024875425,0.038821667,2602.0,2.671616315841675,0.017874748,0.038094137,0.0268455,0.038455818,2644.0,2.7394301891326904
1.068855,499.0,2510.5,1.3371419608592987,4763.75,4.806871175765991,5.235402,0.025188915,0.038754784,2590.0,3.1003596782684326,0.017436117,0.03703905,0.027152505,0.038403146,2656.0,3.186789035797119
